work_year,experience_level,employment_type,salary,remote_ratio,company_size,condensedsalary,safeZoneLow,safeZoneUp,safeZone
2023,1,3,175000,100,3,0.875,0.5,1.0,0.5
2023,1,3,136000,0,1,-0.09999999999999998,-0.5,0.0,0.5
2023,1,3,141000,0,3,0.02499999999999991,0.0,0.5,0.5
2023,1,3,147100,0,3,0.1775,0.0,0.5,0.5
2023,1,3,130000,100,3,-0.25,-0.5,0.0,0.5
2023,1,3,100000,100,3,-1.0,-1.0,-0.5,0.5
2023,3,3,130760,0,1,-0.23099999999999998,-0.5,0.0,0.5
2023,1,3,147100,0,3,0.1775,0.0,0.5,0.5
2023,1,3,170000,0,3,0.75,0.5,1.0,0.5
2023,1,3,150000,0,3,0.25,0.0,0.5,0.5
2023,2,3,150000,100,3,0.25,0.0,0.5,0.5
2023,2,3,110000,100,3,-0.75,-1.0,-0.5,0.5
2023,1,3,174000,0,3,0.8500000000000001,0.5,1.0,0.5
2023,1,3,143200,100,3,0.08000000000000007,0.0,0.5,0.5
2023,1,3,156400,0,3,0.4099999999999999,0.0,0.5,0.5
2023,1,3,130000,0,3,-0.25,-0.5,0.0,0.5
2023,2,3,162500,0,3,0.5625,0.5,1.0,0.5
2023,2,3,130000,0,3,-0.25,-0.5,0.0,0.5
2023,2,3,105380,0,3,-0.8654999999999999,-1.0,-0.5,0.5
2023,3,3,100000,100,1,-1.0,-1.0,-0.5,0.5
2023,3,3,110680,0,1,-0.733,-1.0,-0.5,0.5
2023,1,3,123600,100,3,-0.41000000000000003,-0.5,0.0,0.5
2023,1,3,139000,0,3,-0.025000000000000022,-0.5,0.0,0.5
2023,1,3,166000,100,3,0.6499999999999999,0.5,1.0,0.5
2023,1,3,172500,100,3,0.8125,0.5,1.0,0.5
2023,1,3,110500,100,3,-0.7375,-1.0,-0.5,0.5
2023,1,3,176000,0,3,0.8999999999999999,0.5,1.0,0.5
2023,1,3,159100,0,1,0.47750000000000004,0.0,0.5,0.5
2023,1,3,115000,0,3,-0.625,-1.0,-0.5,0.5
2023,1,3,168100,100,3,0.7024999999999999,0.5,1.0,0.5
2023,1,3,139000,100,3,-0.025000000000000022,-0.5,0.0,0.5
2023,1,3,150000,100,3,0.25,0.0,0.5,0.5
2023,1,3,129300,0,3,-0.26749999999999996,-0.5,0.0,0.5
2023,1,3,175000,100,3,0.875,0.5,1.0,0.5
2023,1,3,105000,0,3,-0.875,-1.0,-0.5,0.5
2023,3,3,163196,0,3,0.5799000000000001,0.5,1.0,0.5
2023,3,3,145885,0,3,0.14712499999999995,0.0,0.5,0.5
2023,1,3,104300,0,1,-0.8925,-1.0,-0.5,0.5
2023,1,3,145000,0,3,0.125,0.0,0.5,0.5
2023,1,3,165000,0,3,0.625,0.5,1.0,0.5
2023,1,3,132300,0,3,-0.1925,-0.5,0.0,0.5
2023,1,3,179170,0,3,0.97925,0.5,1.0,0.5
2023,1,3,152500,0,3,0.3125,0.0,0.5,0.5
2023,1,3,116450,0,3,-0.58875,-1.0,-0.5,0.5
2023,1,3,133800,0,3,-0.15500000000000003,-0.5,0.0,0.5
2023,1,3,133000,0,3,-0.17500000000000004,-0.5,0.0,0.5
2023,1,3,150000,0,3,0.25,0.0,0.5,0.5
2023,1,3,179820,0,3,0.9955,0.5,1.0,0.5
2023,1,3,143860,0,3,0.09650000000000003,0.0,0.5,0.5
2023,1,3,129300,0,3,-0.26749999999999996,-0.5,0.0,0.5
2023,1,3,129000,0,3,-0.275,-0.5,0.0,0.5
2023,2,3,155000,0,3,0.375,0.0,0.5,0.5
2023,1,3,161800,100,3,0.5449999999999999,0.5,1.0,0.5
2023,1,3,141600,100,3,0.040000000000000036,0.0,0.5,0.5
2023,1,3,176100,0,1,0.9025000000000001,0.5,1.0,0.5
2023,2,3,100000,100,3,-1.0,-1.0,-0.5,0.5
2023,1,3,138784,100,3,-0.030399999999999983,-0.5,0.0,0.5
2023,1,3,138900,0,3,-0.02749999999999997,-0.5,0.0,0.5
2023,1,3,143200,0,3,0.08000000000000007,0.0,0.5,0.5
2023,2,3,100000,100,3,-1.0,-1.0,-0.5,0.5
2023,2,3,105000,50,1,-0.875,-1.0,-0.5,0.5
2023,1,3,145000,0,3,0.125,0.0,0.5,0.5
2023,1,3,115000,0,3,-0.625,-1.0,-0.5,0.5
2023,1,3,168400,0,3,0.71,0.5,1.0,0.5
2023,1,3,105200,0,3,-0.87,-1.0,-0.5,0.5
2023,1,3,159100,0,1,0.47750000000000004,0.0,0.5,0.5
2023,1,3,150000,0,3,0.25,0.0,0.5,0.5
2023,2,3,162500,0,3,0.5625,0.5,1.0,0.5
2023,2,3,130000,0,3,-0.25,-0.5,0.0,0.5
2023,1,3,150000,100,3,0.25,0.0,0.5,0.5
2023,1,3,145000,0,3,0.125,0.0,0.5,0.5
2023,1,3,136000,0,1,-0.09999999999999998,-0.5,0.0,0.5
2023,1,3,155000,0,3,0.375,0.0,0.5,0.5
2023,1,3,170000,0,3,0.75,0.5,1.0,0.5
2023,1,3,180000,100,3,1.0,0.5,1.0,0.5
2023,1,3,115000,100,3,-0.625,-1.0,-0.5,0.5
2023,1,3,115000,100,3,-0.625,-1.0,-0.5,0.5
2023,2,3,180000,0,3,1.0,0.5,1.0,0.5
2023,2,3,130000,0,3,-0.25,-0.5,0.0,0.5
2023,1,3,150000,100,3,0.25,0.0,0.5,0.5
2023,1,3,170000,0,3,0.75,0.5,1.0,0.5
2023,1,3,172200,0,3,0.8049999999999999,0.5,1.0,0.5
2023,1,3,176000,0,3,0.8999999999999999,0.5,1.0,0.5
2023,1,3,100000,100,3,-1.0,-1.0,-0.5,0.5
2023,2,3,100000,0,3,-1.0,-1.0,-0.5,0.5
2023,1,3,128000,0,3,-0.30000000000000004,-0.5,0.0,0.5
2023,1,3,145000,0,3,0.125,0.0,0.5,0.5
2023,1,3,115000,0,3,-0.625,-1.0,-0.5,0.5
2023,1,3,100000,0,3,-1.0,-1.0,-0.5,0.5
2023,1,3,162500,0,3,0.5625,0.5,1.0,0.5
2023,1,3,145000,0,3,0.125,0.0,0.5,0.5
2023,1,3,100000,0,3,-1.0,-1.0,-0.5,0.5
2023,4,3,145000,0,3,0.125,0.0,0.5,0.5
2023,4,3,115000,0,3,-0.625,-1.0,-0.5,0.5
2023,1,3,152000,0,3,0.30000000000000004,0.0,0.5,0.5
2023,1,3,122900,0,1,-0.4275,-0.5,0.0,0.5
2023,1,3,145000,0,3,0.125,0.0,0.5,0.5
2023,1,3,134236,0,3,-0.1441,-0.5,0.0,0.5
2023,1,3,112000,100,3,-0.7,-1.0,-0.5,0.5
2023,1,3,135000,0,3,-0.125,-0.5,0.0,0.5
2023,1,3,105500,0,3,-0.8625,-1.0,-0.5,0.5
2023,1,3,175000,100,3,0.875,0.5,1.0,0.5
2023,1,3,145000,100,3,0.125,0.0,0.5,0.5
2023,1,3,148500,0,3,0.2124999999999999,0.0,0.5,0.5
2023,1,3,123700,0,1,-0.4075,-0.5,0.0,0.5
2023,1,3,152900,100,3,0.3225,0.0,0.5,0.5
2023,1,3,117100,100,3,-0.5725,-1.0,-0.5,0.5
2023,1,3,173000,100,3,0.825,0.5,1.0,0.5
2023,1,3,113000,100,3,-0.675,-1.0,-0.5,0.5
2023,1,3,136000,0,1,-0.09999999999999998,-0.5,0.0,0.5
2023,4,3,175000,0,3,0.875,0.5,1.0,0.5
2023,4,3,110000,0,3,-0.75,-1.0,-0.5,0.5
2023,1,3,136000,0,1,-0.09999999999999998,-0.5,0.0,0.5
2023,1,3,130000,100,3,-0.25,-0.5,0.0,0.5
2023,1,3,110000,100,3,-0.75,-1.0,-0.5,0.5
2023,1,3,149500,100,3,0.23750000000000004,0.0,0.5,0.5
2023,1,3,127075,100,3,-0.323125,-0.5,0.0,0.5
2023,1,3,146115,100,3,0.1528750000000001,0.0,0.5,0.5
2023,1,3,170000,0,3,0.75,0.5,1.0,0.5
2023,1,3,135000,0,3,-0.125,-0.5,0.0,0.5
2023,1,3,175000,100,3,0.875,0.5,1.0,0.5
2023,1,3,145000,100,3,0.125,0.0,0.5,0.5
2023,1,3,162000,0,3,0.55,0.5,1.0,0.5
2023,1,3,136000,0,1,-0.09999999999999998,-0.5,0.0,0.5
2023,4,3,153000,100,3,0.32499999999999996,0.0,0.5,0.5
2023,1,3,128000,0,3,-0.30000000000000004,-0.5,0.0,0.5
2023,1,3,136000,0,3,-0.09999999999999998,-0.5,0.0,0.5
2023,1,3,175000,100,3,0.875,0.5,1.0,0.5
2023,1,3,100000,100,3,-1.0,-1.0,-0.5,0.5
2023,1,3,179000,0,3,0.9750000000000001,0.5,1.0,0.5
2023,1,3,109000,0,3,-0.775,-1.0,-0.5,0.5
2023,1,3,180000,0,3,1.0,0.5,1.0,0.5
2023,1,3,142000,100,3,0.050000000000000044,0.0,0.5,0.5
2023,1,3,105200,0,3,-0.87,-1.0,-0.5,0.5
2023,1,3,125000,100,3,-0.375,-0.5,0.0,0.5
2023,1,3,112000,100,3,-0.7,-1.0,-0.5,0.5
2023,1,3,155000,0,3,0.375,0.0,0.5,0.5
2023,1,3,115000,100,3,-0.625,-1.0,-0.5,0.5
2023,1,3,165000,0,3,0.625,0.5,1.0,0.5
2023,1,3,139000,0,3,-0.025000000000000022,-0.5,0.0,0.5
2023,1,3,106000,0,3,-0.85,-1.0,-0.5,0.5
2023,2,3,150450,100,3,0.26125,0.0,0.5,0.5
2023,1,3,159500,0,3,0.48750000000000004,0.0,0.5,0.5
2023,1,3,145000,0,3,0.125,0.0,0.5,0.5
2023,1,3,115000,0,3,-0.625,-1.0,-0.5,0.5
2023,3,3,130001,100,3,-0.24997499999999995,-0.5,0.0,0.5
2023,1,3,175000,100,3,0.875,0.5,1.0,0.5
2023,1,3,135000,100,3,-0.125,-0.5,0.0,0.5
2023,1,3,147000,0,3,0.17500000000000004,0.0,0.5,0.5
2023,1,3,175000,100,3,0.875,0.5,1.0,0.5
2023,1,3,133200,100,3,-0.17000000000000004,-0.5,0.0,0.5
2023,3,3,130760,0,1,-0.23099999999999998,-0.5,0.0,0.5
2023,1,3,147000,0,3,0.17500000000000004,0.0,0.5,0.5
2023,1,3,100000,0,3,-1.0,-1.0,-0.5,0.5
2023,1,3,129300,0,3,-0.26749999999999996,-0.5,0.0,0.5
2023,1,3,156000,100,3,0.3999999999999999,0.0,0.5,0.5
2023,1,3,150000,0,3,0.25,0.0,0.5,0.5
2023,1,3,130000,0,3,-0.25,-0.5,0.0,0.5
2023,1,3,110000,100,3,-0.75,-1.0,-0.5,0.5
2023,2,3,161200,0,3,0.53,0.5,1.0,0.5
2023,2,3,130000,0,3,-0.25,-0.5,0.0,0.5
2023,1,3,150000,0,3,0.25,0.0,0.5,0.5
2023,1,3,145000,0,3,0.125,0.0,0.5,0.5
2023,1,3,155000,0,3,0.375,0.0,0.5,0.5
2023,1,3,106000,0,3,-0.85,-1.0,-0.5,0.5
2023,1,3,157750,100,3,0.4437500000000001,0.0,0.5,0.5
2023,1,3,104650,100,3,-0.88375,-1.0,-0.5,0.5
2023,2,3,180000,100,3,1.0,0.5,1.0,0.5
2023,4,3,145000,0,3,0.125,0.0,0.5,0.5
2023,2,3,125000,0,3,-0.375,-0.5,0.0,0.5
2023,1,3,105000,100,3,-0.875,-1.0,-0.5,0.5
2023,1,3,179820,0,3,0.9955,0.5,1.0,0.5
2023,1,3,143860,0,3,0.09650000000000003,0.0,0.5,0.5
2023,1,3,135000,0,3,-0.125,-0.5,0.0,0.5
2023,1,3,105500,0,3,-0.8625,-1.0,-0.5,0.5
2023,3,3,155000,0,3,0.375,0.0,0.5,0.5
2023,3,3,125000,0,3,-0.375,-0.5,0.0,0.5
2023,1,3,154000,0,3,0.3500000000000001,0.0,0.5,0.5
2023,4,3,180000,0,3,1.0,0.5,1.0,0.5
2023,4,3,155000,0,3,0.375,0.0,0.5,0.5
2023,1,3,134236,0,3,-0.1441,-0.5,0.0,0.5
2023,1,3,175000,100,3,0.875,0.5,1.0,0.5
2023,1,3,145000,100,3,0.125,0.0,0.5,0.5
2023,1,3,145000,100,3,0.125,0.0,0.5,0.5
2023,3,3,155000,0,3,0.375,0.0,0.5,0.5
2023,3,3,125000,0,3,-0.375,-0.5,0.0,0.5
2023,1,3,146000,0,3,0.1499999999999999,0.0,0.5,0.5
2023,1,3,170000,0,3,0.75,0.5,1.0,0.5
2023,1,3,130000,0,3,-0.25,-0.5,0.0,0.5
2023,1,3,170550,100,3,0.7637499999999999,0.5,1.0,0.5
2023,1,3,125000,0,3,-0.375,-0.5,0.0,0.5
2023,1,3,100000,0,3,-1.0,-1.0,-0.5,0.5
2023,2,3,135000,0,3,-0.125,-0.5,0.0,0.5
2023,1,3,170000,100,3,0.75,0.5,1.0,0.5
2023,1,3,171250,0,3,0.78125,0.5,1.0,0.5
2023,1,3,113750,0,3,-0.65625,-1.0,-0.5,0.5
2023,1,3,136000,0,1,-0.09999999999999998,-0.5,0.0,0.5
2023,1,3,136000,0,1,-0.09999999999999998,-0.5,0.0,0.5
2023,1,3,153600,0,3,0.3400000000000001,0.0,0.5,0.5
2023,1,3,100500,0,3,-0.9875,-1.0,-0.5,0.5
2023,1,3,115000,100,3,-0.625,-1.0,-0.5,0.5
2023,2,3,121500,0,3,-0.4625,-0.5,0.0,0.5
2023,1,3,114500,0,3,-0.6375,-1.0,-0.5,0.5
2023,1,3,129000,0,3,-0.275,-0.5,0.0,0.5
2023,1,3,130000,100,3,-0.25,-0.5,0.0,0.5
2023,1,3,170000,0,3,0.75,0.5,1.0,0.5
2023,1,3,135000,0,3,-0.125,-0.5,0.0,0.5
2023,2,3,167500,0,3,0.6875,0.5,1.0,0.5
2023,2,3,106500,0,3,-0.8375,-1.0,-0.5,0.5
2023,2,3,146000,0,3,0.1499999999999999,0.0,0.5,0.5
2023,1,3,100000,100,3,-1.0,-1.0,-0.5,0.5
2023,1,3,178600,0,3,0.9650000000000001,0.5,1.0,0.5
2023,2,3,151800,100,3,0.29499999999999993,0.0,0.5,0.5
2023,1,3,170000,100,3,0.75,0.5,1.0,0.5
2023,1,3,170730,0,3,0.7682500000000001,0.5,1.0,0.5
2023,1,3,128000,0,3,-0.30000000000000004,-0.5,0.0,0.5
2023,1,3,108000,0,3,-0.8,-1.0,-0.5,0.5
2023,2,3,134000,100,3,-0.15000000000000002,-0.5,0.0,0.5
2023,2,3,124000,100,3,-0.4,-0.5,0.0,0.5
2023,1,3,171250,0,3,0.78125,0.5,1.0,0.5
2023,1,3,113750,0,3,-0.65625,-1.0,-0.5,0.5
2023,1,3,165000,0,3,0.625,0.5,1.0,0.5
2023,1,3,132300,0,3,-0.1925,-0.5,0.0,0.5
2023,1,3,175000,0,3,0.875,0.5,1.0,0.5
2023,1,3,124500,0,3,-0.38749999999999996,-0.5,0.0,0.5
2023,1,3,172200,0,3,0.8049999999999999,0.5,1.0,0.5
2023,1,3,175000,0,3,0.875,0.5,1.0,0.5
2023,1,3,145000,0,3,0.125,0.0,0.5,0.5
2023,1,3,148700,0,3,0.21750000000000003,0.0,0.5,0.5
2023,1,3,125600,0,3,-0.36,-0.5,0.0,0.5
2023,1,3,145000,0,3,0.125,0.0,0.5,0.5
2023,1,3,115000,0,3,-0.625,-1.0,-0.5,0.5
2023,1,3,150000,0,3,0.25,0.0,0.5,0.5
2023,1,3,120250,100,3,-0.49375,-0.5,0.0,0.5
2023,1,3,170000,100,3,0.75,0.5,1.0,0.5
2023,1,3,125000,100,3,-0.375,-0.5,0.0,0.5
2023,2,3,167500,0,3,0.6875,0.5,1.0,0.5
2023,2,3,106500,0,3,-0.8375,-1.0,-0.5,0.5
2023,2,3,135000,50,1,-0.125,-0.5,0.0,0.5
2023,1,3,180000,100,3,1.0,0.5,1.0,0.5
2023,1,3,165000,100,3,0.625,0.5,1.0,0.5
2023,1,3,129300,0,3,-0.26749999999999996,-0.5,0.0,0.5
2023,1,3,145000,0,3,0.125,0.0,0.5,0.5
2023,2,3,143865,0,3,0.09662499999999996,0.0,0.5,0.5
2023,2,3,115092,0,3,-0.6227,-1.0,-0.5,0.5
2023,2,3,130000,0,3,-0.25,-0.5,0.0,0.5
2023,1,3,173000,100,3,0.825,0.5,1.0,0.5
2023,1,3,132000,100,3,-0.19999999999999996,-0.5,0.0,0.5
2023,1,3,128500,0,3,-0.2875,-0.5,0.0,0.5
2023,1,3,179820,0,3,0.9955,0.5,1.0,0.5
2023,1,3,143860,0,3,0.09650000000000003,0.0,0.5,0.5
2023,1,3,167500,0,3,0.6875,0.5,1.0,0.5
2023,1,3,106500,0,3,-0.8375,-1.0,-0.5,0.5
2023,2,3,149600,0,3,0.24,0.0,0.5,0.5
2023,2,3,102000,0,3,-0.95,-1.0,-0.5,0.5
2023,4,3,145000,0,3,0.125,0.0,0.5,0.5
2023,4,3,100000,0,3,-1.0,-1.0,-0.5,0.5
2023,1,3,153600,0,3,0.3400000000000001,0.0,0.5,0.5
2023,1,3,106800,0,3,-0.83,-1.0,-0.5,0.5
2023,2,3,128000,0,3,-0.30000000000000004,-0.5,0.0,0.5
2023,2,3,151000,0,3,0.2749999999999999,0.0,0.5,0.5
2023,1,3,170000,0,3,0.75,0.5,1.0,0.5
2023,1,3,135000,0,3,-0.125,-0.5,0.0,0.5
2023,1,3,105500,0,3,-0.8625,-1.0,-0.5,0.5
2023,1,3,100000,100,3,-1.0,-1.0,-0.5,0.5
2023,1,3,145000,100,3,0.125,0.0,0.5,0.5
2023,2,3,154000,0,3,0.3500000000000001,0.0,0.5,0.5
2023,2,3,143000,0,3,0.07499999999999996,0.0,0.5,0.5
2023,1,3,150000,0,3,0.25,0.0,0.5,0.5
2023,1,3,111000,0,3,-0.725,-1.0,-0.5,0.5
2023,3,3,112000,50,1,-0.7,-1.0,-0.5,0.5
2023,1,3,130000,100,3,-0.25,-0.5,0.0,0.5
2023,1,3,129000,0,3,-0.275,-0.5,0.0,0.5
2022,1,3,164000,100,1,0.6000000000000001,0.5,1.0,0.5
2023,1,3,134024,0,3,-0.14939999999999998,-0.5,0.0,0.5
2023,1,3,165000,100,3,0.625,0.5,1.0,0.5
2023,1,3,172000,0,3,0.8,0.5,1.0,0.5
2023,1,3,115000,0,3,-0.625,-1.0,-0.5,0.5
2023,3,3,125000,0,3,-0.375,-0.5,0.0,0.5
2023,1,3,163800,0,3,0.595,0.5,1.0,0.5
2023,1,3,126000,0,3,-0.35,-0.5,0.0,0.5
2023,1,3,145000,100,3,0.125,0.0,0.5,0.5
2023,1,3,139500,0,3,-0.012499999999999956,-0.5,0.0,0.5
2023,1,3,109400,0,3,-0.765,-1.0,-0.5,0.5
2023,2,3,145000,0,3,0.125,0.0,0.5,0.5
2023,1,3,105700,0,1,-0.8575,-1.0,-0.5,0.5
2023,1,3,129000,0,3,-0.275,-0.5,0.0,0.5
2023,1,3,159832,0,3,0.4958,0.0,0.5,0.5
2023,1,3,102500,100,3,-0.9375,-1.0,-0.5,0.5
2023,1,3,165000,0,3,0.625,0.5,1.0,0.5
2023,1,3,132300,0,3,-0.1925,-0.5,0.0,0.5
2023,1,3,126000,0,3,-0.35,-0.5,0.0,0.5
2023,1,3,149040,100,3,0.22599999999999998,0.0,0.5,0.5
2023,1,3,113900,100,3,-0.6525000000000001,-1.0,-0.5,0.5
2023,1,3,153600,100,3,0.3400000000000001,0.0,0.5,0.5
2023,1,3,106800,100,3,-0.83,-1.0,-0.5,0.5
2023,1,3,172600,100,3,0.815,0.5,1.0,0.5
2023,1,3,107900,100,3,-0.8025,-1.0,-0.5,0.5
2023,1,3,106020,0,3,-0.8495,-1.0,-0.5,0.5
2023,1,3,153600,0,3,0.3400000000000001,0.0,0.5,0.5
2023,1,3,100500,0,3,-0.9875,-1.0,-0.5,0.5
2023,1,3,121600,100,3,-0.45999999999999996,-0.5,0.0,0.5
2023,4,3,115500,0,3,-0.6125,-1.0,-0.5,0.5
2023,1,3,170000,100,1,0.75,0.5,1.0,0.5
2023,1,3,115934,100,3,-0.60165,-1.0,-0.5,0.5
2023,1,3,175000,0,3,0.875,0.5,1.0,0.5
2023,1,3,150000,100,3,0.25,0.0,0.5,0.5
2023,1,3,175000,0,3,0.875,0.5,1.0,0.5
2023,2,3,130000,0,3,-0.25,-0.5,0.0,0.5
2023,1,3,138000,100,3,-0.050000000000000044,-0.5,0.0,0.5
2023,1,3,110000,100,3,-0.75,-1.0,-0.5,0.5
2023,1,3,130000,0,3,-0.25,-0.5,0.0,0.5
2023,2,3,112000,0,3,-0.7,-1.0,-0.5,0.5
2023,2,3,162500,0,3,0.5625,0.5,1.0,0.5
2023,2,3,130000,0,3,-0.25,-0.5,0.0,0.5
2023,2,3,145000,0,3,0.125,0.0,0.5,0.5
2023,2,3,100000,0,3,-1.0,-1.0,-0.5,0.5
2023,1,3,147100,0,3,0.1775,0.0,0.5,0.5
2023,3,3,115100,0,3,-0.6225,-1.0,-0.5,0.5
2023,1,3,168400,0,3,0.71,0.5,1.0,0.5
2023,1,3,105200,0,3,-0.87,-1.0,-0.5,0.5
2023,2,3,145000,0,3,0.125,0.0,0.5,0.5
2023,2,3,100000,0,3,-1.0,-1.0,-0.5,0.5
2023,1,3,136000,0,1,-0.09999999999999998,-0.5,0.0,0.5
2023,2,3,100000,0,3,-1.0,-1.0,-0.5,0.5
2023,4,3,145000,0,3,0.125,0.0,0.5,0.5
2023,1,3,120250,100,3,-0.49375,-0.5,0.0,0.5
2023,2,3,130000,100,1,-0.25,-0.5,0.0,0.5
2023,1,3,141288,0,3,0.032200000000000006,0.0,0.5,0.5
2023,1,3,143000,100,3,0.07499999999999996,0.0,0.5,0.5
2023,2,3,147000,0,3,0.17500000000000004,0.0,0.5,0.5
2023,1,3,149040,100,3,0.22599999999999998,0.0,0.5,0.5
2023,1,3,113900,100,3,-0.6525000000000001,-1.0,-0.5,0.5
2023,2,3,100000,100,1,-1.0,-1.0,-0.5,0.5
2023,1,3,106020,0,3,-0.8495,-1.0,-0.5,0.5
2023,2,3,150000,0,3,0.25,0.0,0.5,0.5
2023,1,3,139500,0,3,-0.012499999999999956,-0.5,0.0,0.5
2023,1,3,109400,0,3,-0.765,-1.0,-0.5,0.5
2023,1,3,105000,0,3,-0.875,-1.0,-0.5,0.5
2023,4,3,116704,100,3,-0.5824,-1.0,-0.5,0.5
2023,3,3,150000,0,3,0.25,0.0,0.5,0.5
2023,3,3,100000,0,3,-1.0,-1.0,-0.5,0.5
2023,1,3,146000,0,3,0.1499999999999999,0.0,0.5,0.5
2023,2,3,165000,0,3,0.625,0.5,1.0,0.5
2023,1,3,130000,100,3,-0.25,-0.5,0.0,0.5
2023,1,3,169000,0,3,0.7250000000000001,0.5,1.0,0.5
2023,1,3,110600,0,3,-0.735,-1.0,-0.5,0.5
2023,1,3,136850,100,3,-0.07874999999999999,-0.5,0.0,0.5
2023,1,3,139500,0,3,-0.012499999999999956,-0.5,0.0,0.5
2023,1,3,109400,0,3,-0.765,-1.0,-0.5,0.5
2023,1,3,178500,100,3,0.9624999999999999,0.5,1.0,0.5
2023,1,3,161000,0,3,0.5249999999999999,0.5,1.0,0.5
2023,1,3,112700,0,3,-0.6825,-1.0,-0.5,0.5
2023,1,3,129000,0,3,-0.275,-0.5,0.0,0.5
2022,1,3,130000,100,1,-0.25,-0.5,0.0,0.5
2021,2,3,150000,100,3,0.25,0.0,0.5,0.5
2023,1,3,163800,0,3,0.595,0.5,1.0,0.5
2023,1,3,126000,0,3,-0.35,-0.5,0.0,0.5
2023,1,3,110000,100,3,-0.75,-1.0,-0.5,0.5
2023,1,3,170000,100,3,0.75,0.5,1.0,0.5
2023,1,3,130000,100,3,-0.25,-0.5,0.0,0.5
2023,1,3,172200,0,3,0.8049999999999999,0.5,1.0,0.5
2023,1,3,159832,0,3,0.4958,0.0,0.5,0.5
2023,1,3,163800,0,3,0.595,0.5,1.0,0.5
2023,1,3,126000,0,3,-0.35,-0.5,0.0,0.5
2023,2,3,128750,0,3,-0.28125,-0.5,0.0,0.5
2023,2,3,106250,0,3,-0.84375,-1.0,-0.5,0.5
2023,1,3,129000,0,3,-0.275,-0.5,0.0,0.5
2023,2,3,155000,0,3,0.375,0.0,0.5,0.5
2023,4,3,167500,0,3,0.6875,0.5,1.0,0.5
2023,4,3,106500,0,3,-0.8375,-1.0,-0.5,0.5
2023,1,3,117000,100,3,-0.575,-1.0,-0.5,0.5
2023,1,3,138000,100,3,-0.050000000000000044,-0.5,0.0,0.5
2023,2,3,130000,100,3,-0.25,-0.5,0.0,0.5
2023,2,3,100000,100,3,-1.0,-1.0,-0.5,0.5
2023,1,3,115000,0,1,-0.625,-1.0,-0.5,0.5
2023,1,3,135000,0,3,-0.125,-0.5,0.0,0.5
2023,2,3,104500,0,3,-0.8875,-1.0,-0.5,0.5
2023,1,3,153600,100,3,0.3400000000000001,0.0,0.5,0.5
2023,1,3,106800,100,3,-0.83,-1.0,-0.5,0.5
2023,3,3,125000,0,3,-0.375,-0.5,0.0,0.5
2023,2,3,125000,100,3,-0.375,-0.5,0.0,0.5
2023,1,3,127000,100,3,-0.32499999999999996,-0.5,0.0,0.5
2023,1,3,153300,0,3,0.3325,0.0,0.5,0.5
2023,2,3,150000,100,3,0.25,0.0,0.5,0.5
2023,1,3,161500,100,3,0.5375000000000001,0.5,1.0,0.5
2023,1,3,119500,100,3,-0.5125,-1.0,-0.5,0.5
2023,1,3,175000,0,3,0.875,0.5,1.0,0.5
2023,1,3,145000,0,3,0.125,0.0,0.5,0.5
2023,1,3,175000,0,3,0.875,0.5,1.0,0.5
2023,1,3,148750,0,3,0.21875,0.0,0.5,0.5
2023,1,3,105000,0,3,-0.875,-1.0,-0.5,0.5
2023,1,3,146300,0,3,0.15749999999999997,0.0,0.5,0.5
2023,1,3,153400,0,3,0.33499999999999996,0.0,0.5,0.5
2023,1,3,122700,0,3,-0.4325,-0.5,0.0,0.5
2023,2,3,175000,0,3,0.875,0.5,1.0,0.5
2023,1,3,123900,100,3,-0.40249999999999997,-0.5,0.0,0.5
2023,2,3,150000,100,3,0.25,0.0,0.5,0.5
2023,1,3,153400,0,3,0.33499999999999996,0.0,0.5,0.5
2023,1,3,122700,0,3,-0.4325,-0.5,0.0,0.5
2023,2,3,175000,0,3,0.875,0.5,1.0,0.5
2023,1,3,121700,0,3,-0.4575,-0.5,0.0,0.5
2023,1,3,153600,0,3,0.3400000000000001,0.0,0.5,0.5
2023,1,3,106800,0,3,-0.83,-1.0,-0.5,0.5
2023,3,3,100000,100,1,-1.0,-1.0,-0.5,0.5
2023,1,3,172200,0,3,0.8049999999999999,0.5,1.0,0.5
2023,1,3,125000,0,3,-0.375,-0.5,0.0,0.5
2023,1,3,110000,0,3,-0.75,-1.0,-0.5,0.5
2023,3,3,150000,0,3,0.25,0.0,0.5,0.5
2023,3,3,100000,0,3,-1.0,-1.0,-0.5,0.5
2023,1,3,149076,0,3,0.2269000000000001,0.0,0.5,0.5
2023,2,3,146000,0,3,0.1499999999999999,0.0,0.5,0.5
2023,1,3,139500,0,3,-0.012499999999999956,-0.5,0.0,0.5
2023,1,3,109400,0,3,-0.765,-1.0,-0.5,0.5
2023,1,3,139500,0,3,-0.012499999999999956,-0.5,0.0,0.5
2023,1,3,109400,0,3,-0.765,-1.0,-0.5,0.5
2023,2,3,149600,0,3,0.24,0.0,0.5,0.5
2023,2,3,102000,0,3,-0.95,-1.0,-0.5,0.5
2023,1,3,129000,0,3,-0.275,-0.5,0.0,0.5
2023,1,3,121700,0,3,-0.4575,-0.5,0.0,0.5
2023,3,3,150000,0,3,0.25,0.0,0.5,0.5
2023,3,3,100000,0,3,-1.0,-1.0,-0.5,0.5
2023,2,3,145000,0,3,0.125,0.0,0.5,0.5
2023,2,3,125000,0,3,-0.375,-0.5,0.0,0.5
2023,2,3,150000,100,3,0.25,0.0,0.5,0.5
2023,1,3,122000,0,3,-0.44999999999999996,-0.5,0.0,0.5
2023,1,3,129000,0,3,-0.275,-0.5,0.0,0.5
2023,2,3,116990,100,3,-0.57525,-1.0,-0.5,0.5
2023,1,3,129300,0,3,-0.26749999999999996,-0.5,0.0,0.5
2023,2,3,125000,0,2,-0.375,-0.5,0.0,0.5
2023,1,3,122000,0,3,-0.44999999999999996,-0.5,0.0,0.5
2023,1,3,142200,0,3,0.05499999999999994,0.0,0.5,0.5
2023,1,3,155000,0,3,0.375,0.0,0.5,0.5
2023,2,3,171600,0,3,0.79,0.5,1.0,0.5
2023,1,3,121500,100,3,-0.4625,-0.5,0.0,0.5
2023,2,3,154000,0,3,0.3500000000000001,0.0,0.5,0.5
2023,2,3,116000,0,3,-0.6,-1.0,-0.5,0.5
2023,1,3,136000,0,3,-0.09999999999999998,-0.5,0.0,0.5
2023,1,3,180000,0,3,1.0,0.5,1.0,0.5
2023,1,3,110000,0,3,-0.75,-1.0,-0.5,0.5
2023,1,3,170000,0,3,0.75,0.5,1.0,0.5
2023,1,3,154000,0,3,0.3500000000000001,0.0,0.5,0.5
2023,1,3,116000,0,3,-0.6,-1.0,-0.5,0.5
2023,1,3,130000,100,3,-0.25,-0.5,0.0,0.5
2023,1,3,175000,100,3,0.875,0.5,1.0,0.5
2023,2,3,105000,0,3,-0.875,-1.0,-0.5,0.5
2023,1,3,153600,0,3,0.3400000000000001,0.0,0.5,0.5
2023,1,3,106800,0,3,-0.83,-1.0,-0.5,0.5
2023,1,3,156400,0,3,0.4099999999999999,0.0,0.5,0.5
2023,1,3,150000,0,3,0.25,0.0,0.5,0.5
2023,1,3,163800,0,3,0.595,0.5,1.0,0.5
2023,1,3,126000,0,3,-0.35,-0.5,0.0,0.5
2023,1,3,145000,100,3,0.125,0.0,0.5,0.5
2023,1,3,142200,0,3,0.05499999999999994,0.0,0.5,0.5
2023,1,3,167500,0,3,0.6875,0.5,1.0,0.5
2023,1,3,106500,0,3,-0.8375,-1.0,-0.5,0.5
2023,1,3,163800,0,3,0.595,0.5,1.0,0.5
2023,1,3,126000,0,3,-0.35,-0.5,0.0,0.5
2023,2,3,155000,0,3,0.375,0.0,0.5,0.5
2023,1,3,130000,100,3,-0.25,-0.5,0.0,0.5
2023,1,3,150000,0,3,0.25,0.0,0.5,0.5
2023,1,3,150000,0,3,0.25,0.0,0.5,0.5
2023,2,3,125000,0,3,-0.375,-0.5,0.0,0.5
2022,4,3,106000,0,1,-0.85,-1.0,-0.5,0.5
2023,1,3,175000,100,3,0.875,0.5,1.0,0.5
2023,1,3,130000,100,3,-0.25,-0.5,0.0,0.5
2023,1,3,122000,100,3,-0.44999999999999996,-0.5,0.0,0.5
2023,1,3,150000,100,3,0.25,0.0,0.5,0.5
2023,1,3,165000,100,3,0.625,0.5,1.0,0.5
2023,1,3,112000,100,3,-0.7,-1.0,-0.5,0.5
2023,1,3,142200,0,3,0.05499999999999994,0.0,0.5,0.5
2023,2,3,175000,0,3,0.875,0.5,1.0,0.5
2023,1,3,129300,0,3,-0.26749999999999996,-0.5,0.0,0.5
2023,1,3,121700,0,3,-0.4575,-0.5,0.0,0.5
2023,1,3,142200,0,3,0.05499999999999994,0.0,0.5,0.5
2023,1,3,106020,0,3,-0.8495,-1.0,-0.5,0.5
2023,1,3,136000,100,3,-0.09999999999999998,-0.5,0.0,0.5
2023,1,3,104000,100,3,-0.9,-1.0,-0.5,0.5
2023,1,3,125000,0,3,-0.375,-0.5,0.0,0.5
2023,1,3,110000,0,3,-0.75,-1.0,-0.5,0.5
2023,1,3,153400,0,3,0.33499999999999996,0.0,0.5,0.5
2023,1,3,122700,0,3,-0.4325,-0.5,0.0,0.5
2023,1,3,152380,0,3,0.3095000000000001,0.0,0.5,0.5
2023,1,3,121904,0,3,-0.4524,-0.5,0.0,0.5
2023,1,3,129300,0,3,-0.26749999999999996,-0.5,0.0,0.5
2023,1,3,172200,0,3,0.8049999999999999,0.5,1.0,0.5
2023,1,3,168400,0,3,0.71,0.5,1.0,0.5
2023,1,3,105200,0,3,-0.87,-1.0,-0.5,0.5
2023,1,3,128280,0,3,-0.29300000000000004,-0.5,0.0,0.5
2023,1,3,106900,0,3,-0.8275,-1.0,-0.5,0.5
2023,2,3,100000,0,3,-1.0,-1.0,-0.5,0.5
2023,1,3,100000,100,2,-1.0,-1.0,-0.5,0.5
2023,1,3,174000,0,3,0.8500000000000001,0.5,1.0,0.5
2023,1,3,139500,0,3,-0.012499999999999956,-0.5,0.0,0.5
2023,1,3,109400,0,3,-0.765,-1.0,-0.5,0.5
2023,1,3,139500,0,3,-0.012499999999999956,-0.5,0.0,0.5
2023,1,3,109400,0,3,-0.765,-1.0,-0.5,0.5
2023,1,3,170500,100,3,0.7625,0.5,1.0,0.5
2023,4,3,131899,0,3,-0.20252499999999996,-0.5,0.0,0.5
2023,4,3,104891,0,3,-0.877725,-1.0,-0.5,0.5
2023,1,3,124740,0,3,-0.38149999999999995,-0.5,0.0,0.5
2023,1,3,153600,0,3,0.3400000000000001,0.0,0.5,0.5
2023,1,3,106800,0,3,-0.83,-1.0,-0.5,0.5
2023,1,3,179975,100,3,0.9993749999999999,0.5,1.0,0.5
2023,1,3,149076,0,3,0.2269000000000001,0.0,0.5,0.5
2023,1,3,169000,0,3,0.7250000000000001,0.5,1.0,0.5
2023,1,3,110600,0,3,-0.735,-1.0,-0.5,0.5
2023,1,3,175000,0,3,0.875,0.5,1.0,0.5
2023,1,3,180000,0,3,1.0,0.5,1.0,0.5
2023,1,3,153600,0,3,0.3400000000000001,0.0,0.5,0.5
2023,1,3,106800,0,3,-0.83,-1.0,-0.5,0.5
2023,1,3,171600,0,3,0.79,0.5,1.0,0.5
2023,1,3,165000,100,3,0.625,0.5,1.0,0.5
2023,1,3,125000,100,3,-0.375,-0.5,0.0,0.5
2023,2,3,130000,0,3,-0.25,-0.5,0.0,0.5
2022,3,3,168000,100,3,0.7,0.5,1.0,0.5
2023,1,3,147100,0,3,0.1775,0.0,0.5,0.5
2023,1,3,167580,0,3,0.6895,0.5,1.0,0.5
2023,1,3,135000,100,3,-0.125,-0.5,0.0,0.5
2023,1,3,163800,0,3,0.595,0.5,1.0,0.5
2023,1,3,126000,0,3,-0.35,-0.5,0.0,0.5
2023,1,3,163800,0,3,0.595,0.5,1.0,0.5
2023,1,3,126000,0,3,-0.35,-0.5,0.0,0.5
2023,1,3,104000,100,3,-0.9,-1.0,-0.5,0.5
2023,1,3,148000,0,3,0.19999999999999996,0.0,0.5,0.5
2023,1,3,158000,100,3,0.44999999999999996,0.0,0.5,0.5
2023,1,3,106000,0,3,-0.85,-1.0,-0.5,0.5
2023,2,3,150000,100,3,0.25,0.0,0.5,0.5
2023,2,3,100000,100,3,-1.0,-1.0,-0.5,0.5
2023,1,3,172800,0,3,0.8200000000000001,0.5,1.0,0.5
2023,1,3,175000,0,3,0.875,0.5,1.0,0.5
2023,1,3,169000,0,3,0.7250000000000001,0.5,1.0,0.5
2023,1,3,100000,0,3,-1.0,-1.0,-0.5,0.5
2023,1,3,110000,100,2,-0.75,-1.0,-0.5,0.5
2023,1,3,137500,100,3,-0.0625,-0.5,0.0,0.5
2023,1,3,153088,100,3,0.32719999999999994,0.0,0.5,0.5
2023,1,3,150000,100,3,0.25,0.0,0.5,0.5
2023,1,3,180000,100,3,1.0,0.5,1.0,0.5
2023,1,3,150000,100,3,0.25,0.0,0.5,0.5
2023,1,3,144000,100,3,0.10000000000000009,0.0,0.5,0.5
2023,2,3,148500,0,3,0.2124999999999999,0.0,0.5,0.5
2023,2,3,126277,0,3,-0.343075,-0.5,0.0,0.5
2023,1,3,180000,0,3,1.0,0.5,1.0,0.5
2023,1,3,126500,0,3,-0.3375,-0.5,0.0,0.5
2023,1,3,180000,0,3,1.0,0.5,1.0,0.5
2023,1,3,170000,0,3,0.75,0.5,1.0,0.5
2023,1,3,146000,100,3,0.1499999999999999,0.0,0.5,0.5
2023,1,3,142000,100,3,0.050000000000000044,0.0,0.5,0.5
2023,1,3,155000,0,3,0.375,0.0,0.5,0.5
2023,1,3,139500,0,3,-0.012499999999999956,-0.5,0.0,0.5
2023,1,3,146000,100,3,0.1499999999999999,0.0,0.5,0.5
2023,3,3,101400,100,1,-0.965,-1.0,-0.5,0.5
2023,1,3,172200,0,3,0.8049999999999999,0.5,1.0,0.5
2023,1,3,156400,0,3,0.4099999999999999,0.0,0.5,0.5
2023,1,3,139500,0,3,-0.012499999999999956,-0.5,0.0,0.5
2023,1,3,109400,0,3,-0.765,-1.0,-0.5,0.5
2023,2,3,125000,0,3,-0.375,-0.5,0.0,0.5
2023,1,3,100000,100,3,-1.0,-1.0,-0.5,0.5
2023,1,3,129300,0,3,-0.26749999999999996,-0.5,0.0,0.5
2023,1,3,139500,0,3,-0.012499999999999956,-0.5,0.0,0.5
2023,1,3,109400,0,3,-0.765,-1.0,-0.5,0.5
2023,1,3,169000,0,3,0.7250000000000001,0.5,1.0,0.5
2023,1,3,110600,0,3,-0.735,-1.0,-0.5,0.5
2023,1,3,156400,100,3,0.4099999999999999,0.0,0.5,0.5
2023,1,3,114000,100,3,-0.65,-1.0,-0.5,0.5
2023,1,3,142200,0,3,0.05499999999999994,0.0,0.5,0.5
2023,1,3,147100,0,3,0.1775,0.0,0.5,0.5
2023,1,3,170000,0,3,0.75,0.5,1.0,0.5
2023,1,3,108000,0,3,-0.8,-1.0,-0.5,0.5
2023,1,3,180000,100,3,1.0,0.5,1.0,0.5
2023,1,3,180000,100,3,1.0,0.5,1.0,0.5
2023,1,3,180000,0,3,1.0,0.5,1.0,0.5
2023,1,3,130000,0,3,-0.25,-0.5,0.0,0.5
2023,1,3,133300,0,3,-0.16749999999999998,-0.5,0.0,0.5
2023,1,3,129000,0,3,-0.275,-0.5,0.0,0.5
2023,1,3,124999,100,1,-0.37502500000000005,-0.5,0.0,0.5
2023,1,3,162500,100,3,0.5625,0.5,1.0,0.5
2023,1,3,153600,0,3,0.3400000000000001,0.0,0.5,0.5
2023,1,3,106800,0,3,-0.83,-1.0,-0.5,0.5
2023,2,3,165000,0,3,0.625,0.5,1.0,0.5
2023,2,3,124000,0,3,-0.4,-0.5,0.0,0.5
2023,1,3,115934,100,3,-0.60165,-1.0,-0.5,0.5
2023,1,3,167580,0,3,0.6895,0.5,1.0,0.5
2023,1,3,169200,0,3,0.73,0.5,1.0,0.5
2023,1,3,169200,0,3,0.73,0.5,1.0,0.5
2023,2,3,170000,0,3,0.75,0.5,1.0,0.5
2023,1,3,124740,0,3,-0.38149999999999995,-0.5,0.0,0.5
2023,1,3,163625,100,3,0.590625,0.5,1.0,0.5
2023,1,3,170000,0,3,0.75,0.5,1.0,0.5
2023,1,3,180000,100,3,1.0,0.5,1.0,0.5
2023,1,3,115000,100,3,-0.625,-1.0,-0.5,0.5
2023,1,3,115000,100,3,-0.625,-1.0,-0.5,0.5
2023,1,3,138750,100,3,-0.03125,-0.5,0.0,0.5
2023,1,3,153090,0,3,0.32725000000000004,0.0,0.5,0.5
2023,2,3,125000,0,3,-0.375,-0.5,0.0,0.5
2023,2,3,105000,0,3,-0.875,-1.0,-0.5,0.5
2023,3,3,100000,50,3,-1.0,-1.0,-0.5,0.5
2023,1,3,156400,0,3,0.4099999999999999,0.0,0.5,0.5
2023,1,3,162500,100,3,0.5625,0.5,1.0,0.5
2023,2,3,110000,100,3,-0.75,-1.0,-0.5,0.5
2023,1,3,145000,100,3,0.125,0.0,0.5,0.5
2023,1,3,135000,100,3,-0.125,-0.5,0.0,0.5
2023,1,3,106020,0,3,-0.8495,-1.0,-0.5,0.5
2023,1,3,133832,0,3,-0.1542,-0.5,0.0,0.5
2023,1,3,170000,100,3,0.75,0.5,1.0,0.5
2023,4,3,116704,100,3,-0.5824,-1.0,-0.5,0.5
2023,1,3,149076,0,3,0.2269000000000001,0.0,0.5,0.5
2023,1,3,175000,0,3,0.875,0.5,1.0,0.5
2023,1,3,148750,0,3,0.21875,0.0,0.5,0.5
2023,2,3,100000,0,3,-1.0,-1.0,-0.5,0.5
2023,1,3,140800,0,3,0.020000000000000018,0.0,0.5,0.5
2023,2,3,100000,0,3,-1.0,-1.0,-0.5,0.5
2023,3,3,110000,50,2,-0.75,-1.0,-0.5,0.5
2023,1,3,128000,0,3,-0.30000000000000004,-0.5,0.0,0.5
2023,1,3,145900,0,3,0.14749999999999996,0.0,0.5,0.5
2023,1,3,155850,0,3,0.39625,0.0,0.5,0.5
2023,1,3,102544,0,3,-0.9364,-1.0,-0.5,0.5
2023,2,3,151410,100,3,0.28525,0.0,0.5,0.5
2023,2,3,115360,100,3,-0.616,-1.0,-0.5,0.5
2023,1,3,170000,50,3,0.75,0.5,1.0,0.5
2023,1,3,100000,50,1,-1.0,-1.0,-0.5,0.5
2023,1,3,162500,0,3,0.5625,0.5,1.0,0.5
2023,1,3,120250,0,3,-0.49375,-0.5,0.0,0.5
2022,3,3,180000,100,3,1.0,0.5,1.0,0.5
2023,1,3,135000,100,3,-0.125,-0.5,0.0,0.5
2023,1,3,100000,100,3,-1.0,-1.0,-0.5,0.5
2023,4,3,155000,0,3,0.375,0.0,0.5,0.5
2023,1,3,142200,0,3,0.05499999999999994,0.0,0.5,0.5
2023,1,3,133300,0,3,-0.16749999999999998,-0.5,0.0,0.5
2023,1,3,156400,100,3,0.4099999999999999,0.0,0.5,0.5
2023,1,3,163800,0,3,0.595,0.5,1.0,0.5
2023,1,3,126000,0,3,-0.35,-0.5,0.0,0.5
2023,1,3,163800,0,3,0.595,0.5,1.0,0.5
2023,1,3,126000,0,3,-0.35,-0.5,0.0,0.5
2023,1,3,150000,0,3,0.25,0.0,0.5,0.5
2023,1,3,145000,0,3,0.125,0.0,0.5,0.5
2023,1,3,115000,0,3,-0.625,-1.0,-0.5,0.5
2023,1,3,138900,0,3,-0.02749999999999997,-0.5,0.0,0.5
2023,2,3,162500,0,3,0.5625,0.5,1.0,0.5
2023,2,3,130000,0,3,-0.25,-0.5,0.0,0.5
2023,1,3,150000,100,3,0.25,0.0,0.5,0.5
2023,1,3,107000,100,3,-0.825,-1.0,-0.5,0.5
2023,4,3,175000,0,3,0.875,0.5,1.0,0.5
2023,4,3,110000,0,3,-0.75,-1.0,-0.5,0.5
2023,1,3,133300,0,3,-0.16749999999999998,-0.5,0.0,0.5
2023,1,3,129000,0,3,-0.275,-0.5,0.0,0.5
2023,1,3,150000,0,3,0.25,0.0,0.5,0.5
2023,1,3,125000,0,3,-0.375,-0.5,0.0,0.5
2023,1,3,129000,0,3,-0.275,-0.5,0.0,0.5
2023,1,3,156400,0,3,0.4099999999999999,0.0,0.5,0.5
2023,2,3,110000,100,1,-0.75,-1.0,-0.5,0.5
2023,2,3,130000,0,3,-0.25,-0.5,0.0,0.5
2023,2,3,100000,0,3,-1.0,-1.0,-0.5,0.5
2023,1,3,153600,0,3,0.3400000000000001,0.0,0.5,0.5
2023,1,3,106800,0,3,-0.83,-1.0,-0.5,0.5
2023,1,3,137500,0,3,-0.0625,-0.5,0.0,0.5
2023,1,3,180000,0,3,1.0,0.5,1.0,0.5
2023,1,3,165000,100,3,0.625,0.5,1.0,0.5
2023,1,3,144000,100,3,0.10000000000000009,0.0,0.5,0.5
2023,3,3,100000,0,3,-1.0,-1.0,-0.5,0.5
2023,4,3,145000,0,3,0.125,0.0,0.5,0.5
2023,2,3,150000,0,3,0.25,0.0,0.5,0.5
2023,2,3,100000,0,3,-1.0,-1.0,-0.5,0.5
2023,1,3,112000,0,3,-0.7,-1.0,-0.5,0.5
2023,1,3,105000,0,3,-0.875,-1.0,-0.5,0.5
2023,3,3,130000,100,2,-0.25,-0.5,0.0,0.5
2023,1,3,106020,0,3,-0.8495,-1.0,-0.5,0.5
2023,3,3,135000,0,3,-0.125,-0.5,0.0,0.5
2023,1,3,134000,0,3,-0.15000000000000002,-0.5,0.0,0.5
2023,1,3,150000,0,3,0.25,0.0,0.5,0.5
2023,1,3,122000,0,3,-0.44999999999999996,-0.5,0.0,0.5
2023,1,3,156400,100,3,0.4099999999999999,0.0,0.5,0.5
2023,2,3,180000,100,3,1.0,0.5,1.0,0.5
2023,2,3,150000,100,3,0.25,0.0,0.5,0.5
2023,1,3,152000,0,3,0.30000000000000004,0.0,0.5,0.5
2023,1,3,158677,100,3,0.46692500000000003,0.0,0.5,0.5
2023,1,3,175000,0,3,0.875,0.5,1.0,0.5
2023,1,3,145000,0,3,0.125,0.0,0.5,0.5
2023,1,3,170000,0,3,0.75,0.5,1.0,0.5
2023,2,3,103200,0,3,-0.92,-1.0,-0.5,0.5
2022,2,3,155000,100,1,0.375,0.0,0.5,0.5
2023,1,3,145000,100,3,0.125,0.0,0.5,0.5
2023,1,3,139000,100,3,-0.025000000000000022,-0.5,0.0,0.5
2023,1,3,174500,0,3,0.8625,0.5,1.0,0.5
2023,1,3,113000,0,3,-0.675,-1.0,-0.5,0.5
2023,1,3,130000,100,3,-0.25,-0.5,0.0,0.5
2023,1,3,108000,100,3,-0.8,-1.0,-0.5,0.5
2023,1,3,165000,100,3,0.625,0.5,1.0,0.5
2023,1,3,107250,100,3,-0.81875,-1.0,-0.5,0.5
2023,1,3,119000,0,3,-0.525,-1.0,-0.5,0.5
2023,1,3,154600,100,3,0.365,0.0,0.5,0.5
2023,1,3,168400,0,3,0.71,0.5,1.0,0.5
2023,1,3,105200,0,3,-0.87,-1.0,-0.5,0.5
2023,1,3,175000,100,3,0.875,0.5,1.0,0.5
2023,1,3,138750,100,3,-0.03125,-0.5,0.0,0.5
2023,1,3,153000,100,3,0.32499999999999996,0.0,0.5,0.5
2023,1,3,123700,0,1,-0.4075,-0.5,0.0,0.5
2023,3,3,124234,0,3,-0.39415,-0.5,0.0,0.5
2023,2,3,109000,0,3,-0.775,-1.0,-0.5,0.5
2023,1,3,125600,100,3,-0.36,-0.5,0.0,0.5
2023,1,3,170000,0,3,0.75,0.5,1.0,0.5
2023,1,3,141290,0,3,0.03224999999999989,0.0,0.5,0.5
2023,1,3,150000,0,3,0.25,0.0,0.5,0.5
2023,1,3,107500,100,3,-0.8125,-1.0,-0.5,0.5
2023,1,3,129300,0,3,-0.26749999999999996,-0.5,0.0,0.5
2023,1,3,130000,100,3,-0.25,-0.5,0.0,0.5
2023,2,3,175000,0,3,0.875,0.5,1.0,0.5
2023,1,3,136000,100,3,-0.09999999999999998,-0.5,0.0,0.5
2023,1,3,104000,100,3,-0.9,-1.0,-0.5,0.5
2023,1,3,110000,100,3,-0.75,-1.0,-0.5,0.5
2023,1,3,125000,0,3,-0.375,-0.5,0.0,0.5
2023,1,3,110000,0,3,-0.75,-1.0,-0.5,0.5
2023,1,3,135000,0,3,-0.125,-0.5,0.0,0.5
2023,1,3,130000,0,3,-0.25,-0.5,0.0,0.5
2023,1,3,129000,0,3,-0.275,-0.5,0.0,0.5
2023,2,3,150000,0,3,0.25,0.0,0.5,0.5
2023,2,3,100000,0,3,-1.0,-1.0,-0.5,0.5
2023,1,3,133300,0,3,-0.16749999999999998,-0.5,0.0,0.5
2023,1,3,165000,0,3,0.625,0.5,1.0,0.5
2023,1,3,170000,100,3,0.75,0.5,1.0,0.5
2023,1,3,150000,100,3,0.25,0.0,0.5,0.5
2023,2,3,150000,0,3,0.25,0.0,0.5,0.5
2023,2,3,130000,0,3,-0.25,-0.5,0.0,0.5
2023,1,3,156400,0,3,0.4099999999999999,0.0,0.5,0.5
2023,1,3,134000,0,3,-0.15000000000000002,-0.5,0.0,0.5
2023,1,3,105700,0,1,-0.8575,-1.0,-0.5,0.5
2023,1,3,110000,100,3,-0.75,-1.0,-0.5,0.5
2023,1,3,151800,0,3,0.29499999999999993,0.0,0.5,0.5
2023,3,3,135000,0,3,-0.125,-0.5,0.0,0.5
2023,1,3,145000,100,3,0.125,0.0,0.5,0.5
2023,1,3,130000,100,3,-0.25,-0.5,0.0,0.5
2023,2,3,100000,100,3,-1.0,-1.0,-0.5,0.5
2023,1,3,174500,0,3,0.8625,0.5,1.0,0.5
2023,1,3,113000,0,3,-0.675,-1.0,-0.5,0.5
2023,1,3,145000,100,3,0.125,0.0,0.5,0.5
2023,1,3,102500,100,3,-0.9375,-1.0,-0.5,0.5
2023,1,3,174500,0,3,0.8625,0.5,1.0,0.5
2023,1,3,113000,0,3,-0.675,-1.0,-0.5,0.5
2023,1,3,122000,0,3,-0.44999999999999996,-0.5,0.0,0.5
2023,1,3,146000,0,3,0.1499999999999999,0.0,0.5,0.5
2023,1,3,130000,0,3,-0.25,-0.5,0.0,0.5
2023,1,3,145000,0,3,0.125,0.0,0.5,0.5
2023,1,3,128000,0,3,-0.30000000000000004,-0.5,0.0,0.5
2023,1,3,122000,0,3,-0.44999999999999996,-0.5,0.0,0.5
2023,2,3,135000,0,3,-0.125,-0.5,0.0,0.5
2023,2,3,105500,0,3,-0.8625,-1.0,-0.5,0.5
2023,1,3,129000,0,3,-0.275,-0.5,0.0,0.5
2022,2,3,110000,100,1,-0.75,-1.0,-0.5,0.5
2023,1,3,136000,100,3,-0.09999999999999998,-0.5,0.0,0.5
2023,1,3,104000,100,3,-0.9,-1.0,-0.5,0.5
2023,1,3,168000,100,3,0.7,0.5,1.0,0.5
2023,1,3,130000,100,3,-0.25,-0.5,0.0,0.5
2023,1,3,153400,0,3,0.33499999999999996,0.0,0.5,0.5
2023,1,3,122700,0,3,-0.4325,-0.5,0.0,0.5
2023,1,3,142200,0,3,0.05499999999999994,0.0,0.5,0.5
2023,2,3,145000,0,3,0.125,0.0,0.5,0.5
2023,1,3,172100,0,3,0.8025,0.5,1.0,0.5
2023,1,3,180000,0,3,1.0,0.5,1.0,0.5
2023,1,3,150000,0,3,0.25,0.0,0.5,0.5
2023,1,3,167200,100,3,0.6799999999999999,0.5,1.0,0.5
2023,1,3,106000,0,3,-0.85,-1.0,-0.5,0.5
2023,1,3,180000,0,3,1.0,0.5,1.0,0.5
2023,1,3,145000,0,3,0.125,0.0,0.5,0.5
2023,1,3,170000,100,3,0.75,0.5,1.0,0.5
2023,1,3,114000,100,3,-0.65,-1.0,-0.5,0.5
2023,1,3,180000,0,3,1.0,0.5,1.0,0.5
2023,4,3,150900,0,3,0.27249999999999996,0.0,0.5,0.5
2023,1,3,168400,0,3,0.71,0.5,1.0,0.5
2023,1,3,105200,0,3,-0.87,-1.0,-0.5,0.5
2023,2,3,116000,0,3,-0.6,-1.0,-0.5,0.5
2023,1,3,167000,0,3,0.675,0.5,1.0,0.5
2023,1,3,145000,0,3,0.125,0.0,0.5,0.5
2023,1,3,135000,0,3,-0.125,-0.5,0.0,0.5
2023,2,3,105000,0,3,-0.875,-1.0,-0.5,0.5
2023,1,3,180000,100,3,1.0,0.5,1.0,0.5
2023,1,3,115000,100,3,-0.625,-1.0,-0.5,0.5
2023,1,3,133800,100,3,-0.15500000000000003,-0.5,0.0,0.5
2023,1,3,100000,0,3,-1.0,-1.0,-0.5,0.5
2023,1,3,150000,0,3,0.25,0.0,0.5,0.5
2023,1,3,115000,100,3,-0.625,-1.0,-0.5,0.5
2023,1,3,135000,100,3,-0.125,-0.5,0.0,0.5
2023,1,3,110000,100,3,-0.75,-1.0,-0.5,0.5
2023,1,3,110000,100,3,-0.75,-1.0,-0.5,0.5
2023,2,3,150000,0,3,0.25,0.0,0.5,0.5
2023,2,3,100000,0,3,-1.0,-1.0,-0.5,0.5
2023,1,3,110000,0,3,-0.75,-1.0,-0.5,0.5
2023,1,3,129300,0,3,-0.26749999999999996,-0.5,0.0,0.5
2023,1,3,126100,0,1,-0.34750000000000003,-0.5,0.0,0.5
2023,1,3,170000,100,3,0.75,0.5,1.0,0.5
2023,1,3,150000,100,3,0.25,0.0,0.5,0.5
2023,2,3,175000,100,3,0.875,0.5,1.0,0.5
2023,1,3,137500,0,3,-0.0625,-0.5,0.0,0.5
2023,2,3,165000,0,3,0.625,0.5,1.0,0.5
2023,1,3,165750,0,3,0.64375,0.5,1.0,0.5
2023,1,3,165750,100,3,0.64375,0.5,1.0,0.5
2023,1,3,135000,100,3,-0.125,-0.5,0.0,0.5
2023,1,3,115000,100,3,-0.625,-1.0,-0.5,0.5
2023,1,3,175000,0,3,0.875,0.5,1.0,0.5
2023,1,3,170000,100,3,0.75,0.5,1.0,0.5
2023,1,3,175308,0,3,0.8827,0.5,1.0,0.5
2023,1,3,100706,0,3,-0.9823500000000001,-1.0,-0.5,0.5
2023,1,3,135000,0,3,-0.125,-0.5,0.0,0.5
2023,2,3,100000,100,3,-1.0,-1.0,-0.5,0.5
2023,1,3,133300,0,3,-0.16749999999999998,-0.5,0.0,0.5
2023,1,3,125000,0,3,-0.375,-0.5,0.0,0.5
2023,1,3,130000,100,3,-0.25,-0.5,0.0,0.5
2023,2,3,100000,0,3,-1.0,-1.0,-0.5,0.5
2023,1,3,138750,100,3,-0.03125,-0.5,0.0,0.5
2023,1,3,162000,0,3,0.55,0.5,1.0,0.5
2023,3,3,135000,0,3,-0.125,-0.5,0.0,0.5
2022,3,3,100000,100,3,-1.0,-1.0,-0.5,0.5
2023,1,3,150000,0,3,0.25,0.0,0.5,0.5
2023,3,3,150000,0,3,0.25,0.0,0.5,0.5
2023,1,3,150000,0,3,0.25,0.0,0.5,0.5
2023,1,3,100000,0,3,-1.0,-1.0,-0.5,0.5
2022,1,3,133000,0,1,-0.17500000000000004,-0.5,0.0,0.5
2023,1,3,142200,0,3,0.05499999999999994,0.0,0.5,0.5
2023,2,3,105000,0,3,-0.875,-1.0,-0.5,0.5
2023,1,3,175000,100,3,0.875,0.5,1.0,0.5
2023,1,3,142200,0,3,0.05499999999999994,0.0,0.5,0.5
2023,1,3,155000,100,3,0.375,0.0,0.5,0.5
2023,1,3,174500,0,3,0.8625,0.5,1.0,0.5
2023,1,3,113000,0,3,-0.675,-1.0,-0.5,0.5
2023,1,3,143100,0,3,0.0774999999999999,0.0,0.5,0.5
2023,1,3,113000,0,3,-0.675,-1.0,-0.5,0.5
2023,1,3,142000,100,3,0.050000000000000044,0.0,0.5,0.5
2023,1,3,174500,0,3,0.8625,0.5,1.0,0.5
2023,1,3,113000,0,3,-0.675,-1.0,-0.5,0.5
2023,1,3,115440,0,3,-0.614,-1.0,-0.5,0.5
2023,1,3,145900,0,3,0.14749999999999996,0.0,0.5,0.5
2023,1,3,110000,0,3,-0.75,-1.0,-0.5,0.5
2023,1,3,180000,0,3,1.0,0.5,1.0,0.5
2023,1,3,161800,0,3,0.5449999999999999,0.5,1.0,0.5
2023,1,3,141600,0,3,0.040000000000000036,0.0,0.5,0.5
2023,1,3,166000,100,3,0.6499999999999999,0.5,1.0,0.5
2023,1,3,128000,100,3,-0.30000000000000004,-0.5,0.0,0.5
2023,1,3,170000,100,3,0.75,0.5,1.0,0.5
2023,1,3,110000,100,3,-0.75,-1.0,-0.5,0.5
2022,3,3,130000,0,3,-0.25,-0.5,0.0,0.5
2023,2,3,150000,0,3,0.25,0.0,0.5,0.5
2023,2,3,100000,0,3,-1.0,-1.0,-0.5,0.5
2023,1,3,134500,0,1,-0.13749999999999996,-0.5,0.0,0.5
2023,2,3,130000,0,3,-0.25,-0.5,0.0,0.5
2023,3,3,135000,0,3,-0.125,-0.5,0.0,0.5
2022,1,3,125000,100,1,-0.375,-0.5,0.0,0.5
2022,1,3,175000,0,3,0.875,0.5,1.0,0.5
2022,1,3,155000,0,3,0.375,0.0,0.5,0.5
2022,1,3,153600,0,3,0.3400000000000001,0.0,0.5,0.5
2022,1,3,106800,0,3,-0.83,-1.0,-0.5,0.5
2022,1,3,150000,0,3,0.25,0.0,0.5,0.5
2022,1,3,122000,0,3,-0.44999999999999996,-0.5,0.0,0.5
2022,1,3,170000,0,3,0.75,0.5,1.0,0.5
2022,1,3,130000,0,3,-0.25,-0.5,0.0,0.5
2022,1,3,145000,0,3,0.125,0.0,0.5,0.5
2022,1,3,128000,0,3,-0.30000000000000004,-0.5,0.0,0.5
2022,1,3,145000,0,3,0.125,0.0,0.5,0.5
2022,1,3,100000,0,3,-1.0,-1.0,-0.5,0.5
2022,1,3,175000,0,3,0.875,0.5,1.0,0.5
2022,1,3,145000,0,3,0.125,0.0,0.5,0.5
2022,1,3,115000,0,3,-0.625,-1.0,-0.5,0.5
2022,1,3,150000,100,3,0.25,0.0,0.5,0.5
2022,2,3,150000,0,3,0.25,0.0,0.5,0.5
2022,2,3,100000,0,3,-1.0,-1.0,-0.5,0.5
2022,2,3,150000,100,3,0.25,0.0,0.5,0.5
2022,2,3,127500,100,3,-0.3125,-0.5,0.0,0.5
2022,1,3,126500,100,3,-0.3375,-0.5,0.0,0.5
2022,2,3,175000,0,3,0.875,0.5,1.0,0.5
2022,1,3,146000,0,3,0.1499999999999999,0.0,0.5,0.5
2022,2,3,150000,0,3,0.25,0.0,0.5,0.5
2022,2,3,100000,0,3,-1.0,-1.0,-0.5,0.5
2022,2,3,150000,100,3,0.25,0.0,0.5,0.5
2022,2,3,150000,100,3,0.25,0.0,0.5,0.5
2022,3,3,135000,0,3,-0.125,-0.5,0.0,0.5
2022,1,3,144000,100,3,0.10000000000000009,0.0,0.5,0.5
2022,1,3,149000,100,3,0.2250000000000001,0.0,0.5,0.5
2022,1,3,119000,100,3,-0.525,-1.0,-0.5,0.5
2022,2,3,150000,0,3,0.25,0.0,0.5,0.5
2022,2,3,110000,0,3,-0.75,-1.0,-0.5,0.5
2022,1,3,155000,0,3,0.375,0.0,0.5,0.5
2022,3,3,100000,100,3,-1.0,-1.0,-0.5,0.5
2022,2,3,130000,0,3,-0.25,-0.5,0.0,0.5
2022,2,3,115000,0,3,-0.625,-1.0,-0.5,0.5
2022,2,3,105000,0,3,-0.875,-1.0,-0.5,0.5
2022,1,3,142200,0,3,0.05499999999999994,0.0,0.5,0.5
2022,1,3,164000,100,3,0.6000000000000001,0.5,1.0,0.5
2022,1,3,129300,0,3,-0.26749999999999996,-0.5,0.0,0.5
2022,1,3,130000,0,3,-0.25,-0.5,0.0,0.5
2022,1,3,175000,0,3,0.875,0.5,1.0,0.5
2022,1,3,167500,0,3,0.6875,0.5,1.0,0.5
2022,1,3,106500,0,3,-0.8375,-1.0,-0.5,0.5
2022,1,3,142000,100,3,0.050000000000000044,0.0,0.5,0.5
2022,2,3,145000,0,3,0.125,0.0,0.5,0.5
2022,2,3,100000,0,3,-1.0,-1.0,-0.5,0.5
2022,1,3,175000,0,3,0.875,0.5,1.0,0.5
2022,1,3,175000,0,3,0.875,0.5,1.0,0.5
2022,4,3,145000,0,3,0.125,0.0,0.5,0.5
2022,1,3,145000,0,3,0.125,0.0,0.5,0.5
2022,1,3,100000,0,3,-1.0,-1.0,-0.5,0.5
2022,1,3,164000,100,3,0.6000000000000001,0.5,1.0,0.5
2022,1,3,145000,0,3,0.125,0.0,0.5,0.5
2022,1,3,135000,0,3,-0.125,-0.5,0.0,0.5
2022,1,3,100000,0,3,-1.0,-1.0,-0.5,0.5
2022,1,3,150000,0,3,0.25,0.0,0.5,0.5
2022,1,3,125000,100,1,-0.375,-0.5,0.0,0.5
2022,2,3,150000,0,3,0.25,0.0,0.5,0.5
2022,2,3,100000,0,3,-1.0,-1.0,-0.5,0.5
2022,1,3,115934,100,3,-0.60165,-1.0,-0.5,0.5
2022,1,3,175000,100,3,0.875,0.5,1.0,0.5
2022,1,3,149850,0,3,0.24625000000000008,0.0,0.5,0.5
2022,2,3,122500,100,3,-0.4375,-0.5,0.0,0.5
2022,2,3,100000,100,3,-1.0,-1.0,-0.5,0.5
2022,1,3,149850,0,3,0.24625000000000008,0.0,0.5,0.5
2022,1,3,149850,0,3,0.24625000000000008,0.0,0.5,0.5
2022,1,3,127000,100,3,-0.32499999999999996,-0.5,0.0,0.5
2022,1,3,104000,100,3,-0.9,-1.0,-0.5,0.5
2022,1,3,150000,100,3,0.25,0.0,0.5,0.5
2022,1,3,150000,100,3,0.25,0.0,0.5,0.5
2022,1,3,130000,100,3,-0.25,-0.5,0.0,0.5
2022,1,3,161500,100,3,0.5375000000000001,0.5,1.0,0.5
2022,2,3,102640,100,3,-0.9339999999999999,-1.0,-0.5,0.5
2022,1,3,150000,100,3,0.25,0.0,0.5,0.5
2022,1,3,122600,0,3,-0.43500000000000005,-0.5,0.0,0.5
2022,2,3,130000,100,3,-0.25,-0.5,0.0,0.5
2022,1,3,136000,100,3,-0.09999999999999998,-0.5,0.0,0.5
2022,1,3,104000,100,3,-0.9,-1.0,-0.5,0.5
2022,1,3,150000,100,3,0.25,0.0,0.5,0.5
2022,1,3,100000,100,3,-1.0,-1.0,-0.5,0.5
2022,3,3,135000,0,3,-0.125,-0.5,0.0,0.5
2022,1,3,144000,100,3,0.10000000000000009,0.0,0.5,0.5
2022,4,3,159000,100,3,0.4750000000000001,0.0,0.5,0.5
2022,4,3,130000,100,3,-0.25,-0.5,0.0,0.5
2022,1,3,115934,100,3,-0.60165,-1.0,-0.5,0.5
2022,1,3,150000,100,3,0.25,0.0,0.5,0.5
2022,2,3,153000,100,3,0.32499999999999996,0.0,0.5,0.5
2022,1,3,169000,0,3,0.7250000000000001,0.5,1.0,0.5
2022,1,3,110600,0,3,-0.735,-1.0,-0.5,0.5
2022,2,3,134000,100,3,-0.15000000000000002,-0.5,0.0,0.5
2022,2,3,124000,100,3,-0.4,-0.5,0.0,0.5
2022,1,3,166700,0,3,0.6675,0.5,1.0,0.5
2022,1,3,119000,0,3,-0.525,-1.0,-0.5,0.5
2022,3,3,124234,0,3,-0.39415,-0.5,0.0,0.5
2022,2,3,100000,100,3,-1.0,-1.0,-0.5,0.5
2022,1,3,146000,100,3,0.1499999999999999,0.0,0.5,0.5
2022,1,3,110000,0,3,-0.75,-1.0,-0.5,0.5
2022,2,3,150000,0,3,0.25,0.0,0.5,0.5
2022,2,3,100000,0,3,-1.0,-1.0,-0.5,0.5
2022,1,3,135000,100,3,-0.125,-0.5,0.0,0.5
2022,1,3,128000,0,3,-0.30000000000000004,-0.5,0.0,0.5
2022,1,3,173000,100,3,0.825,0.5,1.0,0.5
2022,1,3,110000,100,3,-0.75,-1.0,-0.5,0.5
2022,1,3,115934,100,3,-0.60165,-1.0,-0.5,0.5
2022,1,3,129400,100,3,-0.265,-0.5,0.0,0.5
2022,1,3,165000,0,3,0.625,0.5,1.0,0.5
2022,1,3,125000,0,3,-0.375,-0.5,0.0,0.5
2022,2,3,130000,0,3,-0.25,-0.5,0.0,0.5
2022,2,3,150000,100,3,0.25,0.0,0.5,0.5
2022,2,3,100000,100,3,-1.0,-1.0,-0.5,0.5
2022,2,3,150000,0,3,0.25,0.0,0.5,0.5
2022,1,3,153600,0,3,0.3400000000000001,0.0,0.5,0.5
2022,1,3,106800,0,3,-0.83,-1.0,-0.5,0.5
2022,2,3,130000,100,3,-0.25,-0.5,0.0,0.5
2022,2,3,100000,100,3,-1.0,-1.0,-0.5,0.5
2022,1,3,144000,100,3,0.10000000000000009,0.0,0.5,0.5
2022,2,3,180000,0,3,1.0,0.5,1.0,0.5
2022,3,3,135000,0,3,-0.125,-0.5,0.0,0.5
2022,1,3,152500,0,3,0.3125,0.0,0.5,0.5
2022,1,3,130000,0,3,-0.25,-0.5,0.0,0.5
2022,1,3,178750,0,3,0.96875,0.5,1.0,0.5
2022,2,3,165000,0,3,0.625,0.5,1.0,0.5
2022,2,3,135000,0,3,-0.125,-0.5,0.0,0.5
2022,1,3,170000,100,3,0.75,0.5,1.0,0.5
2022,1,3,125000,100,3,-0.375,-0.5,0.0,0.5
2022,1,3,105000,0,3,-0.875,-1.0,-0.5,0.5
2022,1,3,130000,0,3,-0.25,-0.5,0.0,0.5
2022,1,3,152000,0,3,0.30000000000000004,0.0,0.5,0.5
2022,1,3,134760,100,3,-0.131,-0.5,0.0,0.5
2022,1,3,162000,100,3,0.55,0.5,1.0,0.5
2022,2,3,105120,0,3,-0.872,-1.0,-0.5,0.5
2022,1,3,149040,100,3,0.22599999999999998,0.0,0.5,0.5
2022,1,3,113900,100,3,-0.6525000000000001,-1.0,-0.5,0.5
2021,1,3,115000,100,2,-0.625,-1.0,-0.5,0.5
2022,1,3,171000,100,1,0.7749999999999999,0.5,1.0,0.5
2022,1,3,100000,0,3,-1.0,-1.0,-0.5,0.5
2022,1,3,110000,0,3,-0.75,-1.0,-0.5,0.5
2022,1,3,129300,0,3,-0.26749999999999996,-0.5,0.0,0.5
2022,2,3,150000,0,3,0.25,0.0,0.5,0.5
2022,2,3,100000,0,3,-1.0,-1.0,-0.5,0.5
2022,1,3,154600,100,3,0.365,0.0,0.5,0.5
2022,1,3,142200,0,3,0.05499999999999994,0.0,0.5,0.5
2022,1,3,152000,0,3,0.30000000000000004,0.0,0.5,0.5
2022,1,3,110000,0,3,-0.75,-1.0,-0.5,0.5
2022,1,3,168000,100,3,0.7,0.5,1.0,0.5
2022,1,3,175000,0,3,0.875,0.5,1.0,0.5
2022,1,3,150000,0,3,0.25,0.0,0.5,0.5
2022,2,3,130000,100,3,-0.25,-0.5,0.0,0.5
2022,2,3,165000,0,3,0.625,0.5,1.0,0.5
2022,2,3,124000,0,3,-0.4,-0.5,0.0,0.5
2022,1,3,178000,0,3,0.95,0.5,1.0,0.5
2022,1,3,132000,0,3,-0.19999999999999996,-0.5,0.0,0.5
2022,1,3,130000,0,3,-0.25,-0.5,0.0,0.5
2022,1,3,169000,0,3,0.7250000000000001,0.5,1.0,0.5
2022,1,3,110600,0,3,-0.735,-1.0,-0.5,0.5
2022,1,3,116000,100,3,-0.6,-1.0,-0.5,0.5
2022,1,3,105000,0,3,-0.875,-1.0,-0.5,0.5
2022,2,3,137000,50,1,-0.07499999999999996,-0.5,0.0,0.5
2022,1,3,129400,100,3,-0.265,-0.5,0.0,0.5
2022,1,3,135000,100,3,-0.125,-0.5,0.0,0.5
2022,1,3,100000,0,3,-1.0,-1.0,-0.5,0.5
2022,3,3,140250,0,3,0.006250000000000089,0.0,0.5,0.5
2022,1,3,130000,0,3,-0.25,-0.5,0.0,0.5
2022,1,3,100000,0,3,-1.0,-1.0,-0.5,0.5
2022,2,3,109000,0,3,-0.775,-1.0,-0.5,0.5
2022,1,3,150000,0,3,0.25,0.0,0.5,0.5
2022,1,3,135000,0,3,-0.125,-0.5,0.0,0.5
2022,1,3,110000,100,3,-0.75,-1.0,-0.5,0.5
2022,3,3,135000,0,3,-0.125,-0.5,0.0,0.5
2022,2,3,150000,0,3,0.25,0.0,0.5,0.5
2022,2,3,100000,0,3,-1.0,-1.0,-0.5,0.5
2022,1,3,130000,0,3,-0.25,-0.5,0.0,0.5
2022,1,3,130000,0,3,-0.25,-0.5,0.0,0.5
2022,1,3,154600,0,1,0.365,0.0,0.5,0.5
2022,1,3,169000,0,3,0.7250000000000001,0.5,1.0,0.5
2022,1,3,110600,0,3,-0.735,-1.0,-0.5,0.5
2022,1,3,129300,0,3,-0.26749999999999996,-0.5,0.0,0.5
2022,1,3,135000,0,3,-0.125,-0.5,0.0,0.5
2022,1,3,110000,0,3,-0.75,-1.0,-0.5,0.5
2022,2,3,155000,0,3,0.375,0.0,0.5,0.5
2022,1,3,150000,100,3,0.25,0.0,0.5,0.5
2022,1,3,179500,0,3,0.9875,0.5,1.0,0.5
2022,1,3,134000,0,3,-0.15000000000000002,-0.5,0.0,0.5
2022,2,3,180000,0,3,1.0,0.5,1.0,0.5
2022,1,3,129300,0,3,-0.26749999999999996,-0.5,0.0,0.5
2022,1,3,175000,100,3,0.875,0.5,1.0,0.5
2022,1,3,145000,100,3,0.125,0.0,0.5,0.5
2022,1,3,175000,100,3,0.875,0.5,1.0,0.5
2022,1,3,145000,0,3,0.125,0.0,0.5,0.5
2022,1,3,115000,0,3,-0.625,-1.0,-0.5,0.5
2022,2,3,165000,0,3,0.625,0.5,1.0,0.5
2022,2,3,135000,0,3,-0.125,-0.5,0.0,0.5
2022,1,3,168400,0,3,0.71,0.5,1.0,0.5
2022,1,3,105200,0,3,-0.87,-1.0,-0.5,0.5
2022,1,3,122600,0,3,-0.43500000000000005,-0.5,0.0,0.5
2022,3,2,100000,100,3,-1.0,-1.0,-0.5,0.5
2022,2,3,100000,50,3,-1.0,-1.0,-0.5,0.5
2022,1,3,130000,0,3,-0.25,-0.5,0.0,0.5
2022,1,3,100000,0,3,-1.0,-1.0,-0.5,0.5
2022,1,3,125000,100,3,-0.375,-0.5,0.0,0.5
2022,1,3,110000,100,3,-0.75,-1.0,-0.5,0.5
2022,2,3,165000,0,3,0.625,0.5,1.0,0.5
2022,2,3,124000,0,3,-0.4,-0.5,0.0,0.5
2022,1,3,148000,100,3,0.19999999999999996,0.0,0.5,0.5
2022,1,3,107000,100,3,-0.825,-1.0,-0.5,0.5
2022,2,3,150000,0,3,0.25,0.0,0.5,0.5
2022,2,3,100000,0,3,-1.0,-1.0,-0.5,0.5
2022,3,3,135000,0,3,-0.125,-0.5,0.0,0.5
2022,1,3,153600,0,3,0.3400000000000001,0.0,0.5,0.5
2022,1,3,106800,0,3,-0.83,-1.0,-0.5,0.5
2022,2,3,100000,0,3,-1.0,-1.0,-0.5,0.5
2022,1,3,168000,100,3,0.7,0.5,1.0,0.5
2022,1,3,130000,100,3,-0.25,-0.5,0.0,0.5
2022,1,3,136000,100,3,-0.09999999999999998,-0.5,0.0,0.5
2022,1,3,104000,100,3,-0.9,-1.0,-0.5,0.5
2022,2,3,161000,100,3,0.5249999999999999,0.5,1.0,0.5
2022,2,3,118000,100,3,-0.55,-1.0,-0.5,0.5
2022,1,3,129300,0,3,-0.26749999999999996,-0.5,0.0,0.5
2022,1,3,172200,0,3,0.8049999999999999,0.5,1.0,0.5
2022,1,3,177000,0,3,0.925,0.5,1.0,0.5
2022,1,3,131000,0,3,-0.22499999999999998,-0.5,0.0,0.5
2022,1,3,146000,0,3,0.1499999999999999,0.0,0.5,0.5
2022,1,3,102000,0,3,-0.95,-1.0,-0.5,0.5
2022,1,3,169000,0,3,0.7250000000000001,0.5,1.0,0.5
2022,1,3,110600,0,3,-0.735,-1.0,-0.5,0.5
2022,1,3,135000,0,3,-0.125,-0.5,0.0,0.5
2022,1,3,100000,0,3,-1.0,-1.0,-0.5,0.5
2022,1,3,135000,0,3,-0.125,-0.5,0.0,0.5
2022,1,3,100000,0,3,-1.0,-1.0,-0.5,0.5
2022,2,3,175000,100,3,0.875,0.5,1.0,0.5
2022,2,3,135000,100,3,-0.125,-0.5,0.0,0.5
2022,1,3,138750,100,3,-0.03125,-0.5,0.0,0.5
2022,1,3,116250,100,3,-0.59375,-1.0,-0.5,0.5
2022,1,3,138750,100,3,-0.03125,-0.5,0.0,0.5
2022,1,3,138750,100,3,-0.03125,-0.5,0.0,0.5
2022,1,3,138750,100,3,-0.03125,-0.5,0.0,0.5
2022,1,3,116250,100,3,-0.59375,-1.0,-0.5,0.5
2022,1,3,127000,100,3,-0.32499999999999996,-0.5,0.0,0.5
2022,1,3,142200,0,3,0.05499999999999994,0.0,0.5,0.5
2022,1,3,129300,0,3,-0.26749999999999996,-0.5,0.0,0.5
2022,1,3,142200,0,3,0.05499999999999994,0.0,0.5,0.5
2022,1,3,129300,0,3,-0.26749999999999996,-0.5,0.0,0.5
2022,1,3,172200,0,3,0.8049999999999999,0.5,1.0,0.5
2022,3,3,135000,0,3,-0.125,-0.5,0.0,0.5
2022,2,3,150000,0,3,0.25,0.0,0.5,0.5
2022,2,3,100000,0,3,-1.0,-1.0,-0.5,0.5
2022,1,3,110000,0,3,-0.75,-1.0,-0.5,0.5
2022,1,3,129300,0,3,-0.26749999999999996,-0.5,0.0,0.5
2022,1,3,130000,0,3,-0.25,-0.5,0.0,0.5
2022,1,3,156400,0,3,0.4099999999999999,0.0,0.5,0.5
2022,1,3,169000,0,3,0.7250000000000001,0.5,1.0,0.5
2022,1,3,110600,0,3,-0.735,-1.0,-0.5,0.5
2022,1,3,142200,0,3,0.05499999999999994,0.0,0.5,0.5
2022,1,3,129300,0,3,-0.26749999999999996,-0.5,0.0,0.5
2022,1,3,140700,0,3,0.01750000000000007,0.0,0.5,0.5
2022,1,3,135000,100,3,-0.125,-0.5,0.0,0.5
2022,1,3,115934,100,3,-0.60165,-1.0,-0.5,0.5
2022,2,3,100000,100,1,-1.0,-1.0,-0.5,0.5
2022,1,3,119000,0,3,-0.525,-1.0,-0.5,0.5
2022,1,3,175000,100,3,0.875,0.5,1.0,0.5
2022,1,3,150000,100,3,0.25,0.0,0.5,0.5
2022,1,3,154560,0,3,0.3640000000000001,0.0,0.5,0.5
2022,1,3,123648,0,3,-0.40880000000000005,-0.5,0.0,0.5
2022,1,3,130000,0,3,-0.25,-0.5,0.0,0.5
2022,1,3,100000,0,3,-1.0,-1.0,-0.5,0.5
2022,2,3,170000,0,3,0.75,0.5,1.0,0.5
2022,2,3,145000,0,3,0.125,0.0,0.5,0.5
2022,1,3,135000,100,3,-0.125,-0.5,0.0,0.5
2022,1,3,100000,100,3,-1.0,-1.0,-0.5,0.5
2022,1,3,172200,0,3,0.8049999999999999,0.5,1.0,0.5
2022,1,3,177500,100,3,0.9375,0.5,1.0,0.5
2022,1,3,134000,100,3,-0.15000000000000002,-0.5,0.0,0.5
2022,1,3,129300,0,3,-0.26749999999999996,-0.5,0.0,0.5
2022,1,3,144854,100,3,0.12135000000000007,0.0,0.5,0.5
2022,1,3,130000,0,3,-0.25,-0.5,0.0,0.5
2022,1,3,105000,0,3,-0.875,-1.0,-0.5,0.5
2022,1,3,179305,100,3,0.9826250000000001,0.5,1.0,0.5
2022,1,3,142127,100,3,0.05317499999999997,0.0,0.5,0.5
2022,1,3,156600,100,3,0.41500000000000004,0.0,0.5,0.5
2022,2,3,109000,0,3,-0.775,-1.0,-0.5,0.5
2022,2,3,109000,0,3,-0.775,-1.0,-0.5,0.5
2022,1,3,128500,100,3,-0.2875,-0.5,0.0,0.5
2022,1,3,127000,100,3,-0.32499999999999996,-0.5,0.0,0.5
2022,1,3,110000,100,3,-0.75,-1.0,-0.5,0.5
2022,1,3,136000,100,3,-0.09999999999999998,-0.5,0.0,0.5
2022,1,3,170000,100,3,0.75,0.5,1.0,0.5
2022,1,3,172200,0,3,0.8049999999999999,0.5,1.0,0.5
2022,2,3,130000,0,3,-0.25,-0.5,0.0,0.5
2022,2,3,100000,100,3,-1.0,-1.0,-0.5,0.5
2022,1,3,161000,100,3,0.5249999999999999,0.5,1.0,0.5
2022,1,3,110000,100,3,-0.75,-1.0,-0.5,0.5
2022,1,3,136000,100,3,-0.09999999999999998,-0.5,0.0,0.5
2022,1,3,104000,100,3,-0.9,-1.0,-0.5,0.5
2022,1,3,169000,0,3,0.7250000000000001,0.5,1.0,0.5
2022,1,3,110600,0,3,-0.735,-1.0,-0.5,0.5
2022,1,3,130000,0,3,-0.25,-0.5,0.0,0.5
2022,1,3,180000,0,3,1.0,0.5,1.0,0.5
2022,1,3,135000,0,3,-0.125,-0.5,0.0,0.5
2022,1,3,100000,0,3,-1.0,-1.0,-0.5,0.5
2022,1,3,150000,0,3,0.25,0.0,0.5,0.5
2022,1,3,144000,0,1,0.10000000000000009,0.0,0.5,0.5
2022,1,3,170000,0,3,0.75,0.5,1.0,0.5
2022,1,3,144000,0,3,0.10000000000000009,0.0,0.5,0.5
2022,2,3,150000,100,3,0.25,0.0,0.5,0.5
2022,2,3,100000,100,3,-1.0,-1.0,-0.5,0.5
2022,1,3,116100,100,3,-0.5974999999999999,-1.0,-0.5,0.5
2022,1,3,150000,0,3,0.25,0.0,0.5,0.5
2022,1,3,127000,0,3,-0.32499999999999996,-0.5,0.0,0.5
2022,1,3,166000,100,3,0.6499999999999999,0.5,1.0,0.5
2022,1,3,159699,0,3,0.492475,0.0,0.5,0.5
2022,1,3,138938,0,3,-0.026549999999999963,-0.5,0.0,0.5
2022,1,3,166700,0,3,0.6675,0.5,1.0,0.5
2022,1,3,119000,0,3,-0.525,-1.0,-0.5,0.5
2022,1,3,130000,0,3,-0.25,-0.5,0.0,0.5
2022,1,3,100000,0,3,-1.0,-1.0,-0.5,0.5
2022,1,3,180000,100,3,1.0,0.5,1.0,0.5
2022,1,3,156400,0,3,0.4099999999999999,0.0,0.5,0.5
2022,1,3,135000,100,3,-0.125,-0.5,0.0,0.5
2022,1,3,100000,100,3,-1.0,-1.0,-0.5,0.5
2022,1,3,142200,0,3,0.05499999999999994,0.0,0.5,0.5
2022,3,4,125404,50,2,-0.3649,-0.5,0.0,0.5
2022,1,3,130000,0,3,-0.25,-0.5,0.0,0.5
2022,1,3,175000,100,3,0.875,0.5,1.0,0.5
2022,1,3,155000,0,3,0.375,0.0,0.5,0.5
2022,1,3,110000,0,3,-0.75,-1.0,-0.5,0.5
2022,1,3,123000,0,3,-0.42500000000000004,-0.5,0.0,0.5
2022,1,3,170000,0,3,0.75,0.5,1.0,0.5
2022,1,3,150000,0,3,0.25,0.0,0.5,0.5
2022,2,3,180000,100,3,1.0,0.5,1.0,0.5
2022,2,3,100000,100,3,-1.0,-1.0,-0.5,0.5
2022,1,3,180000,100,3,1.0,0.5,1.0,0.5
2022,1,3,180000,0,3,1.0,0.5,1.0,0.5
2022,4,3,157000,100,3,0.42500000000000004,0.0,0.5,0.5
2022,3,3,180000,100,3,1.0,0.5,1.0,0.5
2022,3,3,100000,100,3,-1.0,-1.0,-0.5,0.5
2022,1,3,128000,0,3,-0.30000000000000004,-0.5,0.0,0.5
2022,1,3,105000,0,3,-0.875,-1.0,-0.5,0.5
2022,1,3,175000,0,3,0.875,0.5,1.0,0.5
2022,1,3,122500,0,3,-0.4375,-0.5,0.0,0.5
2022,1,3,171000,0,3,0.7749999999999999,0.5,1.0,0.5
2022,1,3,117000,0,3,-0.575,-1.0,-0.5,0.5
2022,1,3,104300,0,1,-0.8925,-1.0,-0.5,0.5
2022,1,3,110000,0,3,-0.75,-1.0,-0.5,0.5
2022,1,3,129300,0,3,-0.26749999999999996,-0.5,0.0,0.5
2022,1,3,170000,0,3,0.75,0.5,1.0,0.5
2022,1,3,130000,0,3,-0.25,-0.5,0.0,0.5
2022,1,3,150000,0,3,0.25,0.0,0.5,0.5
2022,1,3,145000,0,3,0.125,0.0,0.5,0.5
2022,1,3,115000,0,3,-0.625,-1.0,-0.5,0.5
2022,1,3,175950,100,3,0.8987499999999999,0.5,1.0,0.5
2022,1,3,130050,100,3,-0.24875000000000003,-0.5,0.0,0.5
2022,1,3,105700,0,1,-0.8575,-1.0,-0.5,0.5
2022,1,3,165000,50,2,0.625,0.5,1.0,0.5
2022,1,3,129300,0,3,-0.26749999999999996,-0.5,0.0,0.5
2022,1,3,169000,0,3,0.7250000000000001,0.5,1.0,0.5
2022,1,3,110600,0,3,-0.735,-1.0,-0.5,0.5
2021,2,3,100000,50,1,-1.0,-1.0,-0.5,0.5
2022,1,3,129300,0,3,-0.26749999999999996,-0.5,0.0,0.5
2022,1,3,156400,0,3,0.4099999999999999,0.0,0.5,0.5
2022,1,3,129300,0,3,-0.26749999999999996,-0.5,0.0,0.5
2022,3,3,108000,0,2,-0.8,-1.0,-0.5,0.5
2022,1,3,155000,100,3,0.375,0.0,0.5,0.5
2022,1,3,155000,100,3,0.375,0.0,0.5,0.5
2022,1,3,153600,100,3,0.3400000000000001,0.0,0.5,0.5
2022,1,3,106800,100,3,-0.83,-1.0,-0.5,0.5
2022,1,3,129300,0,3,-0.26749999999999996,-0.5,0.0,0.5
2022,1,3,155000,100,3,0.375,0.0,0.5,0.5
2022,1,3,168000,100,3,0.7,0.5,1.0,0.5
2022,1,3,130000,100,3,-0.25,-0.5,0.0,0.5
2022,1,3,123400,0,3,-0.41500000000000004,-0.5,0.0,0.5
2022,1,3,129300,0,3,-0.26749999999999996,-0.5,0.0,0.5
2022,1,3,130000,0,3,-0.25,-0.5,0.0,0.5
2022,1,3,169000,0,3,0.7250000000000001,0.5,1.0,0.5
2022,1,3,110600,0,3,-0.735,-1.0,-0.5,0.5
2022,1,3,150000,0,3,0.25,0.0,0.5,0.5
2022,1,3,139000,0,3,-0.025000000000000022,-0.5,0.0,0.5
2022,1,3,122000,0,3,-0.44999999999999996,-0.5,0.0,0.5
2022,1,3,129300,0,3,-0.26749999999999996,-0.5,0.0,0.5
2022,1,3,139600,0,3,-0.010000000000000009,-0.5,0.0,0.5
2022,1,3,129300,0,3,-0.26749999999999996,-0.5,0.0,0.5
2022,1,3,156400,0,3,0.4099999999999999,0.0,0.5,0.5
2022,1,3,175000,100,3,0.875,0.5,1.0,0.5
2022,1,3,129300,0,3,-0.26749999999999996,-0.5,0.0,0.5
2022,2,3,148500,100,1,0.2124999999999999,0.0,0.5,0.5
2022,1,3,115000,100,3,-0.625,-1.0,-0.5,0.5
2022,2,3,134000,0,3,-0.15000000000000002,-0.5,0.0,0.5
2022,2,3,105000,0,3,-0.875,-1.0,-0.5,0.5
2022,2,3,144200,100,3,0.10499999999999998,0.0,0.5,0.5
2022,2,3,115360,100,3,-0.616,-1.0,-0.5,0.5
2022,1,3,170000,100,3,0.75,0.5,1.0,0.5
2022,1,3,150000,100,3,0.25,0.0,0.5,0.5
2022,1,3,180000,100,3,1.0,0.5,1.0,0.5
2022,2,3,108000,50,1,-0.8,-1.0,-0.5,0.5
2022,1,3,150000,100,3,0.25,0.0,0.5,0.5
2022,4,3,164000,50,1,0.6000000000000001,0.5,1.0,0.5
2022,1,3,160395,100,3,0.5098750000000001,0.5,1.0,0.5
2022,1,3,115934,100,3,-0.60165,-1.0,-0.5,0.5
2022,1,3,144000,100,3,0.10000000000000009,0.0,0.5,0.5
2022,1,3,141525,100,3,0.038124999999999964,0.0,0.5,0.5
2022,1,3,156868,100,1,0.42169999999999996,0.0,0.5,0.5
2022,1,3,144000,0,1,0.10000000000000009,0.0,0.5,0.5
2022,1,3,180000,100,3,1.0,0.5,1.0,0.5
2022,2,3,108000,100,3,-0.8,-1.0,-0.5,0.5
2022,1,3,180000,100,3,1.0,0.5,1.0,0.5
2022,1,3,165000,100,3,0.625,0.5,1.0,0.5
2022,1,3,132000,100,3,-0.19999999999999996,-0.5,0.0,0.5
2022,1,3,130000,100,3,-0.25,-0.5,0.0,0.5
2022,1,3,110000,100,3,-0.75,-1.0,-0.5,0.5
2022,2,3,135000,100,1,-0.125,-0.5,0.0,0.5
2022,1,3,178800,100,1,0.97,0.5,1.0,0.5
2022,1,3,132100,100,1,-0.1975,-0.5,0.0,0.5
2022,1,3,110000,0,3,-0.75,-1.0,-0.5,0.5
2022,4,3,116100,100,3,-0.5974999999999999,-1.0,-0.5,0.5
2022,1,3,145000,100,3,0.125,0.0,0.5,0.5
2022,1,3,154545,0,1,0.3636250000000001,0.0,0.5,0.5
2022,1,3,159000,0,1,0.4750000000000001,0.0,0.5,0.5
2022,1,3,154545,0,1,0.3636250000000001,0.0,0.5,0.5
2022,1,3,159200,100,1,0.48,0.0,0.5,0.5
2022,1,3,179775,100,3,0.994375,0.5,1.0,0.5
2022,1,3,175000,100,3,0.875,0.5,1.0,0.5
2022,1,3,150000,100,3,0.25,0.0,0.5,0.5
2022,1,3,180000,100,3,1.0,0.5,1.0,0.5
2022,1,3,148000,100,3,0.19999999999999996,0.0,0.5,0.5
2022,1,3,128000,100,3,-0.30000000000000004,-0.5,0.0,0.5
2022,1,3,135000,100,3,-0.125,-0.5,0.0,0.5
2022,1,3,130000,100,3,-0.25,-0.5,0.0,0.5
2022,1,3,110000,100,3,-0.75,-1.0,-0.5,0.5
2022,1,3,141525,100,3,0.038124999999999964,0.0,0.5,0.5
2022,1,3,145300,0,3,0.13250000000000006,0.0,0.5,0.5
2022,1,3,131300,100,1,-0.21750000000000003,-0.5,0.0,0.5
2022,3,3,105000,100,1,-0.875,-1.0,-0.5,0.5
2022,1,3,141525,100,3,0.038124999999999964,0.0,0.5,0.5
2022,1,3,153000,100,3,0.32499999999999996,0.0,0.5,0.5
2022,1,3,141525,100,3,0.038124999999999964,0.0,0.5,0.5
2022,1,3,110000,0,3,-0.75,-1.0,-0.5,0.5
2022,1,3,141525,100,3,0.038124999999999964,0.0,0.5,0.5
2022,1,3,141525,100,3,0.038124999999999964,0.0,0.5,0.5
2022,1,3,141525,100,3,0.038124999999999964,0.0,0.5,0.5
2022,1,3,135000,100,3,-0.125,-0.5,0.0,0.5
2022,1,3,153000,100,3,0.32499999999999996,0.0,0.5,0.5
2022,1,3,141525,100,3,0.038124999999999964,0.0,0.5,0.5
2022,1,3,141525,100,3,0.038124999999999964,0.0,0.5,0.5
2022,1,3,141525,100,3,0.038124999999999964,0.0,0.5,0.5
2022,1,3,130500,0,3,-0.23750000000000004,-0.5,0.0,0.5
2022,1,3,130000,100,3,-0.25,-0.5,0.0,0.5
2022,2,3,100000,100,3,-1.0,-1.0,-0.5,0.5
2022,1,3,141300,0,3,0.03249999999999997,0.0,0.5,0.5
2022,1,3,102100,0,3,-0.9475,-1.0,-0.5,0.5
2022,2,3,150000,100,1,0.25,0.0,0.5,0.5
2022,1,3,144000,100,3,0.10000000000000009,0.0,0.5,0.5
2022,1,3,113000,100,3,-0.675,-1.0,-0.5,0.5
2022,1,3,131300,100,1,-0.21750000000000003,-0.5,0.0,0.5
2022,1,3,131300,100,1,-0.21750000000000003,-0.5,0.0,0.5
2022,1,3,131300,100,1,-0.21750000000000003,-0.5,0.0,0.5
2022,1,3,135000,100,3,-0.125,-0.5,0.0,0.5
2022,1,3,135000,100,3,-0.125,-0.5,0.0,0.5
2022,1,3,178800,100,1,0.97,0.5,1.0,0.5
2022,1,3,132100,100,1,-0.1975,-0.5,0.0,0.5
2022,1,3,105000,100,3,-0.875,-1.0,-0.5,0.5
2022,2,3,100000,100,3,-1.0,-1.0,-0.5,0.5
2022,1,3,180000,100,1,1.0,0.5,1.0,0.5
2022,1,3,165000,100,1,0.625,0.5,1.0,0.5
2022,1,3,108000,0,1,-0.8,-1.0,-0.5,0.5
2022,1,3,135000,100,3,-0.125,-0.5,0.0,0.5
2022,1,3,179400,0,3,0.9850000000000001,0.5,1.0,0.5
2022,1,3,154000,0,3,0.3500000000000001,0.0,0.5,0.5
2022,1,3,129300,0,3,-0.26749999999999996,-0.5,0.0,0.5
2022,2,3,150000,0,3,0.25,0.0,0.5,0.5
2022,2,3,100000,0,3,-1.0,-1.0,-0.5,0.5
2022,1,3,122500,100,3,-0.4375,-0.5,0.0,0.5
2022,1,3,100000,100,3,-1.0,-1.0,-0.5,0.5
2022,2,3,100000,100,3,-1.0,-1.0,-0.5,0.5
2022,1,3,136994,100,3,-0.07515000000000005,-0.5,0.0,0.5
2022,1,3,101570,100,3,-0.96075,-1.0,-0.5,0.5
2022,2,3,134000,0,3,-0.15000000000000002,-0.5,0.0,0.5
2022,1,3,141525,100,3,0.038124999999999964,0.0,0.5,0.5
2022,2,3,136000,100,3,-0.09999999999999998,-0.5,0.0,0.5
2022,2,3,112000,100,3,-0.7,-1.0,-0.5,0.5
2022,1,3,172000,100,3,0.8,0.5,1.0,0.5
2022,1,3,164000,0,3,0.6000000000000001,0.5,1.0,0.5
2022,1,3,130000,0,3,-0.25,-0.5,0.0,0.5
2022,1,3,180000,100,3,1.0,0.5,1.0,0.5
2022,1,3,150000,100,3,0.25,0.0,0.5,0.5
2022,1,3,141525,100,3,0.038124999999999964,0.0,0.5,0.5
2022,1,3,142800,100,3,0.07000000000000006,0.0,0.5,0.5
2022,1,3,151800,0,3,0.29499999999999993,0.0,0.5,0.5
2022,1,3,130240,0,3,-0.244,-0.5,0.0,0.5
2022,1,3,165000,100,3,0.625,0.5,1.0,0.5
2022,1,3,140250,100,3,0.006250000000000089,0.0,0.5,0.5
2022,1,3,135000,0,3,-0.125,-0.5,0.0,0.5
2022,1,3,115000,0,3,-0.625,-1.0,-0.5,0.5
2022,1,3,179400,100,3,0.9850000000000001,0.5,1.0,0.5
2022,1,3,154000,100,3,0.3500000000000001,0.0,0.5,0.5
2022,1,3,141525,100,3,0.038124999999999964,0.0,0.5,0.5
2022,1,3,141525,100,3,0.038124999999999964,0.0,0.5,0.5
2022,1,3,141525,100,3,0.038124999999999964,0.0,0.5,0.5
2022,1,3,141525,100,3,0.038124999999999964,0.0,0.5,0.5
2022,1,3,141525,100,3,0.038124999999999964,0.0,0.5,0.5
2022,1,3,141525,100,3,0.038124999999999964,0.0,0.5,0.5
2022,1,3,141525,100,3,0.038124999999999964,0.0,0.5,0.5
2022,1,3,141525,0,3,0.038124999999999964,0.0,0.5,0.5
2022,1,3,115000,0,1,-0.625,-1.0,-0.5,0.5
2022,4,3,180000,100,2,1.0,0.5,1.0,0.5
2022,1,3,136100,0,3,-0.09750000000000003,-0.5,0.0,0.5
2022,1,3,141525,100,3,0.038124999999999964,0.0,0.5,0.5
2022,1,3,141525,100,3,0.038124999999999964,0.0,0.5,0.5
2022,1,3,141525,100,3,0.038124999999999964,0.0,0.5,0.5
2022,2,3,113000,0,1,-0.675,-1.0,-0.5,0.5
2022,1,3,170000,100,3,0.75,0.5,1.0,0.5
2022,1,3,130000,100,3,-0.25,-0.5,0.0,0.5
2022,2,3,113000,100,1,-0.675,-1.0,-0.5,0.5
2022,1,3,175000,0,3,0.875,0.5,1.0,0.5
2022,1,3,119300,0,1,-0.5175000000000001,-1.0,-0.5,0.5
2022,2,3,145000,50,1,0.125,0.0,0.5,0.5
2022,1,3,105000,0,3,-0.875,-1.0,-0.5,0.5
2022,1,3,146200,100,3,0.15500000000000003,0.0,0.5,0.5
2022,1,3,124270,100,3,-0.39325,-0.5,0.0,0.5
2022,1,3,137400,100,3,-0.06499999999999995,-0.5,0.0,0.5
2022,1,3,180000,0,3,1.0,0.5,1.0,0.5
2022,1,3,152000,0,3,0.30000000000000004,0.0,0.5,0.5
2022,1,3,148800,100,3,0.21999999999999997,0.0,0.5,0.5
2022,2,3,104000,50,1,-0.9,-1.0,-0.5,0.5
2022,3,4,110000,100,3,-0.75,-1.0,-0.5,0.5
2022,2,3,173000,50,3,0.825,0.5,1.0,0.5
2022,1,3,152000,0,3,0.30000000000000004,0.0,0.5,0.5
2022,1,3,148800,100,3,0.21999999999999997,0.0,0.5,0.5
2022,2,3,158000,100,3,0.44999999999999996,0.0,0.5,0.5
2022,2,3,134000,100,3,-0.15000000000000002,-0.5,0.0,0.5
2022,1,3,170000,100,3,0.75,0.5,1.0,0.5
2022,4,3,150000,100,3,0.25,0.0,0.5,0.5
2022,1,3,144100,0,3,0.10250000000000004,0.0,0.5,0.5
2022,2,3,110000,0,3,-0.75,-1.0,-0.5,0.5
2022,1,3,135000,100,3,-0.125,-0.5,0.0,0.5
2022,1,3,135000,100,3,-0.125,-0.5,0.0,0.5
2022,1,3,175100,100,3,0.8775,0.5,1.0,0.5
2022,1,3,164996,0,3,0.6249,0.5,1.0,0.5
2022,1,3,149040,100,3,0.22599999999999998,0.0,0.5,0.5
2022,1,3,113900,100,3,-0.6525000000000001,-1.0,-0.5,0.5
2022,1,3,154000,100,3,0.3500000000000001,0.0,0.5,0.5
2022,1,3,126000,100,3,-0.35,-0.5,0.0,0.5
2022,1,3,150000,100,1,0.25,0.0,0.5,0.5
2022,1,3,130500,0,3,-0.23750000000000004,-0.5,0.0,0.5
2022,1,3,170000,100,3,0.75,0.5,1.0,0.5
2022,1,3,135000,100,3,-0.125,-0.5,0.0,0.5
2022,1,3,117000,100,3,-0.575,-1.0,-0.5,0.5
2022,1,3,135000,100,3,-0.125,-0.5,0.0,0.5
2022,1,3,129300,0,3,-0.26749999999999996,-0.5,0.0,0.5
2022,1,3,175000,100,3,0.875,0.5,1.0,0.5
2022,1,3,130000,100,3,-0.25,-0.5,0.0,0.5
2022,1,3,139860,0,3,-0.0034999999999999476,-0.5,0.0,0.5
2022,1,3,167100,0,3,0.6775,0.5,1.0,0.5
2022,1,3,123400,0,3,-0.41500000000000004,-0.5,0.0,0.5
2022,1,3,141300,0,3,0.03249999999999997,0.0,0.5,0.5
2022,1,3,102100,0,3,-0.9475,-1.0,-0.5,0.5
2022,1,3,141300,0,3,0.03249999999999997,0.0,0.5,0.5
2022,1,3,102100,0,3,-0.9475,-1.0,-0.5,0.5
2022,1,3,140100,100,1,0.0024999999999999467,0.0,0.5,0.5
2022,1,3,177600,100,1,0.94,0.5,1.0,0.5
2022,1,3,131300,100,1,-0.21750000000000003,-0.5,0.0,0.5
2022,1,3,131300,100,1,-0.21750000000000003,-0.5,0.0,0.5
2022,1,3,145000,100,3,0.125,0.0,0.5,0.5
2022,1,3,115000,100,3,-0.625,-1.0,-0.5,0.5
2022,3,3,115000,50,1,-0.625,-1.0,-0.5,0.5
2022,2,3,129300,0,3,-0.26749999999999996,-0.5,0.0,0.5
2022,1,3,180000,100,1,1.0,0.5,1.0,0.5
2022,2,3,144100,0,3,0.10250000000000004,0.0,0.5,0.5
2022,1,3,144000,0,3,0.10000000000000009,0.0,0.5,0.5
2022,3,3,150000,100,1,0.25,0.0,0.5,0.5
2022,2,3,107000,100,3,-0.825,-1.0,-0.5,0.5
2022,4,3,175100,0,3,0.8775,0.5,1.0,0.5
2022,1,3,100000,100,3,-1.0,-1.0,-0.5,0.5
2022,2,3,130000,100,3,-0.25,-0.5,0.0,0.5
2022,3,3,130000,50,1,-0.25,-0.5,0.0,0.5
2022,1,3,100000,0,1,-1.0,-1.0,-0.5,0.5
2022,1,3,100000,0,1,-1.0,-1.0,-0.5,0.5
2022,1,3,148700,100,1,0.21750000000000003,0.0,0.5,0.5
2022,1,3,170000,100,3,0.75,0.5,1.0,0.5
2022,1,3,130000,100,3,-0.25,-0.5,0.0,0.5
2022,1,3,128875,100,3,-0.27812499999999996,-0.5,0.0,0.5
2022,1,3,180000,100,3,1.0,0.5,1.0,0.5
2022,1,3,100000,100,3,-1.0,-1.0,-0.5,0.5
2022,1,3,136260,100,3,-0.09350000000000003,-0.5,0.0,0.5
2022,1,3,109280,100,3,-0.768,-1.0,-0.5,0.5
2022,2,3,110000,0,3,-0.75,-1.0,-0.5,0.5
2022,1,3,117000,100,3,-0.575,-1.0,-0.5,0.5
2022,3,3,129000,100,1,-0.275,-0.5,0.0,0.5
2022,1,3,119300,0,1,-0.5175000000000001,-1.0,-0.5,0.5
2022,1,3,100000,100,1,-1.0,-1.0,-0.5,0.5
2022,3,3,180000,100,1,1.0,0.5,1.0,0.5
2022,2,3,153000,100,1,0.32499999999999996,0.0,0.5,0.5
2022,1,3,100000,100,3,-1.0,-1.0,-0.5,0.5
2022,1,3,150075,100,3,0.25187500000000007,0.0,0.5,0.5
2022,1,3,110925,100,3,-0.7268749999999999,-1.0,-0.5,0.5
2022,1,3,131300,100,1,-0.21750000000000003,-0.5,0.0,0.5
2022,1,3,175000,100,3,0.875,0.5,1.0,0.5
2022,1,3,135000,100,3,-0.125,-0.5,0.0,0.5
2022,1,3,148800,0,3,0.21999999999999997,0.0,0.5,0.5
2022,1,3,112900,0,3,-0.6775,-1.0,-0.5,0.5
2022,1,3,112900,100,3,-0.6775,-1.0,-0.5,0.5
2022,1,3,145000,100,3,0.125,0.0,0.5,0.5
2022,1,3,105400,100,3,-0.865,-1.0,-0.5,0.5
2022,1,3,158200,100,1,0.45500000000000007,0.0,0.5,0.5
2022,1,3,154600,100,1,0.365,0.0,0.5,0.5
2022,1,3,115934,0,3,-0.60165,-1.0,-0.5,0.5
2022,1,3,175000,100,3,0.875,0.5,1.0,0.5
2022,1,3,155000,100,3,0.375,0.0,0.5,0.5
2022,1,3,164000,0,3,0.6000000000000001,0.5,1.0,0.5
2022,1,3,132000,0,3,-0.19999999999999996,-0.5,0.0,0.5
2022,1,3,170000,100,3,0.75,0.5,1.0,0.5
2022,1,3,123000,100,3,-0.42500000000000004,-0.5,0.0,0.5
2022,1,3,164996,0,3,0.6249,0.5,1.0,0.5
2022,4,3,150000,100,2,0.25,0.0,0.5,0.5
2022,1,3,165400,100,3,0.635,0.5,1.0,0.5
2022,1,3,132320,100,3,-0.19199999999999995,-0.5,0.0,0.5
2022,1,3,147800,100,3,0.19500000000000006,0.0,0.5,0.5
2022,1,3,136994,100,3,-0.07515000000000005,-0.5,0.0,0.5
2022,1,3,101570,100,3,-0.96075,-1.0,-0.5,0.5
2022,1,3,128875,100,3,-0.27812499999999996,-0.5,0.0,0.5
2022,1,3,100800,100,1,-0.98,-1.0,-0.5,0.5
2022,1,3,164996,0,3,0.6249,0.5,1.0,0.5
2022,1,3,140400,0,1,0.010000000000000009,0.0,0.5,0.5
2022,1,3,180000,100,3,1.0,0.5,1.0,0.5
2022,2,3,112300,100,1,-0.6925,-1.0,-0.5,0.5
2022,2,3,159000,100,3,0.4750000000000001,0.0,0.5,0.5
2022,1,3,180000,0,3,1.0,0.5,1.0,0.5
2022,1,3,136000,0,3,-0.09999999999999998,-0.5,0.0,0.5
2022,1,3,108800,0,3,-0.78,-1.0,-0.5,0.5
2022,1,3,165220,100,3,0.6305000000000001,0.5,1.0,0.5
2022,1,3,120160,100,3,-0.496,-0.5,0.0,0.5
2022,1,3,124190,100,3,-0.39525,-0.5,0.0,0.5
2022,1,3,132320,0,3,-0.19199999999999995,-0.5,0.0,0.5
2022,1,3,160080,0,3,0.502,0.5,1.0,0.5
2022,1,3,180000,0,1,1.0,0.5,1.0,0.5
2022,2,3,126500,0,3,-0.3375,-0.5,0.0,0.5
2022,2,3,106260,0,3,-0.8435,-1.0,-0.5,0.5
2022,1,3,116000,0,3,-0.6,-1.0,-0.5,0.5
2022,1,3,155000,100,3,0.375,0.0,0.5,0.5
2022,1,3,120600,100,3,-0.485,-0.5,0.0,0.5
2022,2,3,130000,0,3,-0.25,-0.5,0.0,0.5
2022,2,3,170000,100,3,0.75,0.5,1.0,0.5
2022,2,3,150000,100,3,0.25,0.0,0.5,0.5
2022,1,3,102100,100,3,-0.9475,-1.0,-0.5,0.5
2022,1,3,136620,100,3,-0.08450000000000002,-0.5,0.0,0.5
2022,1,3,146000,100,3,0.1499999999999999,0.0,0.5,0.5
2022,1,3,123000,100,3,-0.42500000000000004,-0.5,0.0,0.5
2022,4,3,130000,100,3,-0.25,-0.5,0.0,0.5
2022,4,3,110000,100,3,-0.75,-1.0,-0.5,0.5
2022,1,3,170000,100,3,0.75,0.5,1.0,0.5
2022,1,3,135000,100,3,-0.125,-0.5,0.0,0.5
2022,1,3,161342,100,3,0.53355,0.5,1.0,0.5
2022,1,3,137141,100,3,-0.07147499999999996,-0.5,0.0,0.5
2022,1,3,167000,100,3,0.675,0.5,1.0,0.5
2022,1,3,123000,100,3,-0.42500000000000004,-0.5,0.0,0.5
2022,1,3,138600,100,3,-0.03500000000000003,-0.5,0.0,0.5
2022,1,3,130000,100,3,-0.25,-0.5,0.0,0.5
2022,1,3,130000,100,3,-0.25,-0.5,0.0,0.5
2022,1,3,113000,0,1,-0.675,-1.0,-0.5,0.5
2022,1,3,150000,0,3,0.25,0.0,0.5,0.5
2022,2,3,167000,100,3,0.675,0.5,1.0,0.5
2022,2,3,115500,100,3,-0.6125,-1.0,-0.5,0.5
2022,1,3,112900,100,3,-0.6775,-1.0,-0.5,0.5
2022,1,3,112900,100,3,-0.6775,-1.0,-0.5,0.5
2022,1,3,165400,100,3,0.635,0.5,1.0,0.5
2022,1,3,132320,100,3,-0.19199999999999995,-0.5,0.0,0.5
2022,1,3,156600,100,3,0.41500000000000004,0.0,0.5,0.5
2022,1,3,136600,100,3,-0.08499999999999996,-0.5,0.0,0.5
2022,1,3,109280,100,3,-0.768,-1.0,-0.5,0.5
2022,1,3,128875,100,3,-0.27812499999999996,-0.5,0.0,0.5
2022,4,3,167875,100,3,0.6968749999999999,0.5,1.0,0.5
2022,4,3,175000,100,3,0.875,0.5,1.0,0.5
2022,4,3,135000,100,3,-0.125,-0.5,0.0,0.5
2022,1,3,154600,100,1,0.365,0.0,0.5,0.5
2022,1,3,180000,100,3,1.0,0.5,1.0,0.5
2022,1,3,140400,0,1,0.010000000000000009,0.0,0.5,0.5
2022,1,3,176000,100,3,0.8999999999999999,0.5,1.0,0.5
2022,1,3,144000,100,3,0.10000000000000009,0.0,0.5,0.5
2022,1,3,140400,0,3,0.010000000000000009,0.0,0.5,0.5
2022,1,3,175100,100,3,0.8775,0.5,1.0,0.5
2022,1,3,140250,100,3,0.006250000000000089,0.0,0.5,0.5
2022,1,3,116150,100,3,-0.59625,-1.0,-0.5,0.5
2022,1,3,145000,100,3,0.125,0.0,0.5,0.5
2022,1,3,130000,100,3,-0.25,-0.5,0.0,0.5
2022,1,3,112900,100,3,-0.6775,-1.0,-0.5,0.5
2022,1,3,155000,100,3,0.375,0.0,0.5,0.5
2022,1,3,115000,100,3,-0.625,-1.0,-0.5,0.5
2022,2,3,141300,0,3,0.03249999999999997,0.0,0.5,0.5
2022,2,3,102100,0,3,-0.9475,-1.0,-0.5,0.5
2022,1,3,115934,100,3,-0.60165,-1.0,-0.5,0.5
2022,1,3,130000,100,3,-0.25,-0.5,0.0,0.5
2022,1,3,110500,100,3,-0.7375,-1.0,-0.5,0.5
2022,1,3,144854,100,3,0.12135000000000007,0.0,0.5,0.5
2022,1,3,150000,100,3,0.25,0.0,0.5,0.5
2022,1,3,150260,100,3,0.25649999999999995,0.0,0.5,0.5
2022,1,3,109280,100,3,-0.768,-1.0,-0.5,0.5
2022,1,3,170000,100,3,0.75,0.5,1.0,0.5
2022,1,3,150000,100,3,0.25,0.0,0.5,0.5
2022,2,3,130000,100,3,-0.25,-0.5,0.0,0.5
2022,1,3,154000,100,3,0.3500000000000001,0.0,0.5,0.5
2022,1,3,126000,100,3,-0.35,-0.5,0.0,0.5
2022,1,3,129000,0,3,-0.275,-0.5,0.0,0.5
2022,1,3,100000,100,3,-1.0,-1.0,-0.5,0.5
2022,1,3,150075,100,3,0.25187500000000007,0.0,0.5,0.5
2022,1,3,110925,100,3,-0.7268749999999999,-1.0,-0.5,0.5
2022,1,3,100000,100,3,-1.0,-1.0,-0.5,0.5
2022,1,3,126500,100,3,-0.3375,-0.5,0.0,0.5
2022,1,3,106260,100,3,-0.8435,-1.0,-0.5,0.5
2022,1,3,160080,100,3,0.502,0.5,1.0,0.5
2022,1,3,105000,100,3,-0.875,-1.0,-0.5,0.5
2022,1,3,100000,100,3,-1.0,-1.0,-0.5,0.5
2022,1,3,170000,100,3,0.75,0.5,1.0,0.5
2022,1,3,135000,100,3,-0.125,-0.5,0.0,0.5
2022,2,3,135000,100,3,-0.125,-0.5,0.0,0.5
2022,1,3,100000,100,3,-1.0,-1.0,-0.5,0.5
2022,1,3,104890,100,3,-0.87775,-1.0,-0.5,0.5
2022,1,3,105000,100,3,-0.875,-1.0,-0.5,0.5
2022,2,3,100000,100,3,-1.0,-1.0,-0.5,0.5
2020,1,3,157000,50,1,0.42500000000000004,0.0,0.5,0.5
2022,2,3,157000,100,1,0.42500000000000004,0.0,0.5,0.5
2021,2,3,109000,50,1,-0.775,-1.0,-0.5,0.5
2022,1,3,135000,100,3,-0.125,-0.5,0.0,0.5
2022,1,3,115000,100,3,-0.625,-1.0,-0.5,0.5
2022,2,3,121000,100,1,-0.475,-0.5,0.0,0.5
2022,1,3,165000,100,3,0.625,0.5,1.0,0.5
2022,2,3,153000,50,3,0.32499999999999996,0.0,0.5,0.5
2022,1,3,100000,100,3,-1.0,-1.0,-0.5,0.5
2022,1,3,100000,100,3,-1.0,-1.0,-0.5,0.5
2022,2,3,150000,100,1,0.25,0.0,0.5,0.5
2022,1,3,152500,100,3,0.3125,0.0,0.5,0.5
2022,2,3,135000,100,1,-0.125,-0.5,0.0,0.5
2021,1,3,150000,0,1,0.25,0.0,0.5,0.5
2021,2,3,135000,100,1,-0.125,-0.5,0.0,0.5
2022,2,3,115000,0,1,-0.625,-1.0,-0.5,0.5
2022,1,3,177000,100,1,0.925,0.5,1.0,0.5
2022,3,3,150000,100,2,0.25,0.0,0.5,0.5
2022,2,2,100000,100,3,-1.0,-1.0,-0.5,0.5
2021,3,3,100000,0,2,-1.0,-1.0,-0.5,0.5
2022,3,4,100000,50,3,-1.0,-1.0,-0.5,0.5
2022,1,3,144000,50,1,0.10000000000000009,0.0,0.5,0.5
2022,1,3,148000,100,3,0.19999999999999996,0.0,0.5,0.5
2022,3,3,100000,50,1,-1.0,-1.0,-0.5,0.5
2022,3,3,125000,0,3,-0.375,-0.5,0.0,0.5
2021,3,3,100000,50,2,-1.0,-1.0,-0.5,0.5
2021,2,3,100000,100,1,-1.0,-1.0,-0.5,0.5
2021,2,3,170000,100,1,0.75,0.5,1.0,0.5
2021,2,3,150000,100,1,0.25,0.0,0.5,0.5
2021,4,3,110000,50,3,-0.75,-1.0,-0.5,0.5
2021,3,3,125000,100,2,-0.375,-0.5,0.0,0.5
2021,1,3,159500,50,1,0.48750000000000004,0.0,0.5,0.5
2021,1,3,144000,100,1,0.10000000000000009,0.0,0.5,0.5
2021,2,3,150000,100,3,0.25,0.0,0.5,0.5
2020,2,3,103000,100,1,-0.925,-1.0,-0.5,0.5
2021,1,3,153000,100,1,0.32499999999999996,0.0,0.5,0.5
2021,4,3,130000,100,1,-0.25,-0.5,0.0,0.5
2021,2,3,110000,100,1,-0.75,-1.0,-0.5,0.5
2021,2,3,110000,100,1,-0.75,-1.0,-0.5,0.5
2020,3,3,138000,100,2,-0.050000000000000044,-0.5,0.0,0.5
2021,1,3,170000,100,1,0.75,0.5,1.0,0.5
2021,2,3,100000,100,3,-1.0,-1.0,-0.5,0.5
2021,4,3,150000,100,1,0.25,0.0,0.5,0.5
2021,1,3,150000,100,3,0.25,0.0,0.5,0.5
2021,1,3,115000,100,2,-0.625,-1.0,-0.5,0.5
2020,2,3,106000,100,1,-0.85,-1.0,-0.5,0.5
2021,1,3,150000,100,1,0.25,0.0,0.5,0.5
2020,2,3,105000,100,1,-0.875,-1.0,-0.5,0.5
2021,1,3,174000,100,1,0.8500000000000001,0.5,1.0,0.5
2021,1,3,170000,100,3,0.75,0.5,1.0,0.5
2021,2,3,108000,0,3,-0.8,-1.0,-0.5,0.5
2021,1,3,125000,50,3,-0.375,-0.5,0.0,0.5
2021,1,3,165000,100,1,0.625,0.5,1.0,0.5
2021,1,3,130000,100,1,-0.25,-0.5,0.0,0.5
2020,2,3,115000,0,1,-0.625,-1.0,-0.5,0.5
2021,2,3,110000,0,2,-0.75,-1.0,-0.5,0.5
2021,2,3,180000,100,1,1.0,0.5,1.0,0.5
2021,2,3,110000,100,1,-0.75,-1.0,-0.5,0.5
2021,3,3,100000,0,1,-1.0,-1.0,-0.5,0.5
2021,2,3,112000,100,1,-0.7,-1.0,-0.5,0.5
2020,1,3,150000,50,1,0.25,0.0,0.5,0.5
2021,1,3,180000,50,1,1.0,0.5,1.0,0.5
2021,3,3,100000,100,3,-1.0,-1.0,-0.5,0.5
2021,1,1,105000,100,3,-0.875,-1.0,-0.5,0.5
2021,2,3,111775,0,3,-0.705625,-1.0,-0.5,0.5
2021,1,3,135000,0,1,-0.125,-0.5,0.0,0.5
2021,2,3,147000,50,1,0.17500000000000004,0.0,0.5,0.5
2021,1,3,120500,50,1,-0.48750000000000004,-0.5,0.0,0.5
2021,1,3,174000,100,1,0.8500000000000001,0.5,1.0,0.5
2020,2,3,135000,100,1,-0.125,-0.5,0.0,0.5
2020,1,3,125000,50,2,-0.375,-0.5,0.0,0.5
2021,2,3,180000,100,1,1.0,0.5,1.0,0.5
2020,1,3,100000,100,2,-1.0,-1.0,-0.5,0.5
2021,3,4,180000,50,2,1.0,0.5,1.0,0.5
2021,1,3,165000,0,3,0.625,0.5,1.0,0.5
2020,2,3,110000,100,1,-0.75,-1.0,-0.5,0.5
2021,1,3,110000,100,2,-0.75,-1.0,-0.5,0.5
2021,1,3,152000,100,1,0.30000000000000004,0.0,0.5,0.5
2021,2,3,130000,50,1,-0.25,-0.5,0.0,0.5
2021,1,3,102000,0,3,-0.95,-1.0,-0.5,0.5
2021,1,3,147000,100,3,0.17500000000000004,0.0,0.5,0.5
2020,1,3,130000,100,3,-0.25,-0.5,0.0,0.5
2021,2,3,115000,50,1,-0.625,-1.0,-0.5,0.5
2020,2,3,118000,100,3,-0.55,-1.0,-0.5,0.5
2020,2,3,138350,100,3,-0.04125000000000001,-0.5,0.0,0.5
2020,2,3,130800,100,3,-0.22999999999999998,-0.5,0.0,0.5
2021,1,3,168000,0,2,0.7,0.5,1.0,0.5
2021,1,3,165000,100,1,0.625,0.5,1.0,0.5
2021,2,3,151000,100,1,0.2749999999999999,0.0,0.5,0.5
2020,3,3,105000,100,2,-0.875,-1.0,-0.5,0.5
2020,3,1,100000,100,1,-1.0,-1.0,-0.5,0.5
